`torch_dtype` is deprecated! Use `dtype` instead!
============================================================
LoRA Fine-tune: meta-llama/Meta-Llama-3-8B-Instruct
Device: MPS  |  dtype: torch.bfloat16
============================================================

Loading tokenizer...

Loading datasets...
  Loaded 10000 examples (1379 skipped)
  Loaded 1000 examples (156 skipped)

Loading base model (meta-llama/Meta-Llama-3-8B-Instruct)...
  (First run downloads ~15GB — subsequent runs use cache)

Loading weights:   0%|          | 0/291 [00:00<?, ?it/s]
Loading weights: 100%|██████████| 291/291 [00:00<00:00, 7637.41it/s]
warmup_ratio is deprecated and will be removed in v5.2. Use `warmup_steps` instead.
  Parameters: 8.0B

Applying LoRA (rank=16)...
  Trainable params: 41.9M / 8072M (0.52%)

Training config:
  Epochs:         3
  Effective batch:32  (4 x 8 grad accum)
  LR:             0.0002
  Train examples: 10000
  Val examples:   1000

Adding EOS to train dataset:   0%|          | 0/10000 [00:00<?, ? examples/s]
Adding EOS to train dataset: 100%|██████████| 10000/10000 [00:00<00:00, 135742.39 examples/s]

Tokenizing train dataset:   0%|          | 0/10000 [00:00<?, ? examples/s]
Tokenizing train dataset:   4%|▎         | 359/10000 [00:00<00:02, 3573.46 examples/s]
Tokenizing train dataset:   7%|▋         | 725/10000 [00:00<00:02, 3618.13 examples/s]
Tokenizing train dataset:  12%|█▏        | 1182/10000 [00:00<00:02, 3282.70 examples/s]
Tokenizing train dataset:  16%|█▌        | 1553/10000 [00:00<00:02, 3426.95 examples/s]
Tokenizing train dataset:  19%|█▉        | 1930/10000 [00:00<00:02, 3536.55 examples/s]
Tokenizing train dataset:  25%|██▍       | 2463/10000 [00:00<00:02, 3537.31 examples/s]
Tokenizing train dataset:  28%|██▊       | 2826/10000 [00:00<00:02, 3560.09 examples/s]
Tokenizing train dataset:  34%|███▎      | 3368/10000 [00:00<00:01, 3549.26 examples/s]
Tokenizing train dataset:  37%|███▋      | 3739/10000 [00:01<00:01, 3590.56 examples/s]
Tokenizing train dataset:  43%|████▎     | 4269/10000 [00:01<00:01, 3564.86 examples/s]
Tokenizing train dataset:  48%|████▊     | 4750/10000 [00:01<00:01, 3437.71 examples/s]
Tokenizing train dataset:  53%|█████▎    | 5253/10000 [00:01<00:01, 3407.47 examples/s]
Tokenizing train dataset:  56%|█████▌    | 5598/10000 [00:01<00:01, 3414.88 examples/s]
Tokenizing train dataset:  60%|█████▉    | 5953/10000 [00:01<00:01, 3447.14 examples/s]
Tokenizing train dataset:  65%|██████▍   | 6471/10000 [00:01<00:01, 3447.89 examples/s]
Tokenizing train dataset:  68%|██████▊   | 6834/10000 [00:01<00:00, 3492.47 examples/s]
Tokenizing train dataset:  74%|███████▎  | 7352/10000 [00:02<00:00, 3442.57 examples/s]
Tokenizing train dataset:  77%|███████▋  | 7711/10000 [00:02<00:00, 3477.39 examples/s]
Tokenizing train dataset:  82%|████████▏ | 8229/10000 [00:02<00:00, 3465.01 examples/s]
Tokenizing train dataset:  86%|████████▌ | 8591/10000 [00:02<00:00, 3500.62 examples/s]
Tokenizing train dataset:  90%|████████▉ | 8958/10000 [00:02<00:00, 3541.19 examples/s]
Tokenizing train dataset:  95%|█████████▍| 9478/10000 [00:02<00:00, 3510.74 examples/s]
Tokenizing train dataset:  98%|█████████▊| 9845/10000 [00:02<00:00, 3549.04 examples/s]
Tokenizing train dataset: 100%|██████████| 10000/10000 [00:02<00:00, 3490.33 examples/s]

Adding EOS to eval dataset:   0%|          | 0/1000 [00:00<?, ? examples/s]
Adding EOS to eval dataset: 100%|██████████| 1000/1000 [00:00<00:00, 135685.30 examples/s]

Tokenizing eval dataset:   0%|          | 0/1000 [00:00<?, ? examples/s]
Tokenizing eval dataset:  34%|███▍      | 345/1000 [00:00<00:00, 3434.64 examples/s]
Tokenizing eval dataset:  85%|████████▍ | 847/1000 [00:00<00:00, 3367.62 examples/s]
Tokenizing eval dataset: 100%|██████████| 1000/1000 [00:00<00:00, 3114.17 examples/s]
The tokenizer has new PAD/BOS/EOS tokens that differ from the model config and generation config. The model config and generation config were aligned accordingly, being updated with the tokenizer's values. Updated tokens: {'pad_token_id': 128009}.

Starting training...


  0%|          | 0/939 [00:00<?, ?it/s]
  0%|          | 1/939 [00:53<14:01:26, 53.82s/it]
  0%|          | 2/939 [01:44<13:34:42, 52.17s/it]
  0%|          | 3/939 [02:35<13:20:44, 51.33s/it]
  0%|          | 4/939 [03:25<13:14:05, 50.96s/it]
  1%|          | 5/939 [04:15<13:09:49, 50.74s/it]
  1%|          | 6/939 [05:06<13:07:23, 50.64s/it]
  1%|          | 7/939 [05:56<13:05:54, 50.59s/it]
  1%|          | 8/939 [06:47<13:06:51, 50.71s/it]
  1%|          | 9/939 [07:38<13:04:19, 50.60s/it]
  1%|          | 10/939 [08:28<13:02:15, 50.52s/it]
  1%|          | 11/939 [09:18<13:00:46, 50.48s/it]
  1%|▏         | 12/939 [10:09<12:59:16, 50.44s/it]
  1%|▏         | 13/939 [10:59<12:57:51, 50.40s/it]
  1%|▏         | 14/939 [11:49<12:56:20, 50.36s/it]
  2%|▏         | 15/939 [12:41<13:03:05, 50.85s/it]
  2%|▏         | 16/939 [13:35<13:14:11, 51.63s/it]
  2%|▏         | 17/939 [14:25<13:07:48, 51.27s/it]
  2%|▏         | 18/939 [15:15<13:02:21, 50.97s/it]
  2%|▏         | 19/939 [16:06<12:58:20, 50.76s/it]
  2%|▏         | 20/939 [16:56<12:55:13, 50.61s/it]
  2%|▏         | 21/939 [17:46<12:52:38, 50.50s/it]
  2%|▏         | 22/939 [18:37<12:54:00, 50.64s/it]
  2%|▏         | 23/939 [19:28<12:54:10, 50.71s/it]
  3%|▎         | 24/939 [20:18<12:51:02, 50.56s/it]
  3%|▎         | 25/939 [21:09<12:48:48, 50.47s/it]
  3%|▎         | 26/939 [21:59<12:46:57, 50.40s/it]
  3%|▎         | 27/939 [22:49<12:45:31, 50.36s/it]
  3%|▎         | 28/939 [23:41<12:52:38, 50.89s/it]
  3%|▎         | 29/939 [24:35<13:07:03, 51.89s/it]
  3%|▎         | 30/939 [25:26<13:01:34, 51.59s/it]
  3%|▎         | 31/939 [26:18<13:02:47, 51.73s/it]
  3%|▎         | 32/939 [27:11<13:03:57, 51.86s/it]
  4%|▎         | 33/939 [28:05<13:15:43, 52.70s/it]
  4%|▎         | 34/939 [28:59<13:21:36, 53.15s/it]
  4%|▎         | 35/939 [29:55<13:31:33, 53.86s/it]
  4%|▍         | 36/939 [30:46<13:18:45, 53.07s/it]
  4%|▍         | 37/939 [31:37<13:06:31, 52.32s/it]
  4%|▍         | 38/939 [32:27<12:58:49, 51.86s/it]
  4%|▍         | 39/939 [33:19<12:54:44, 51.65s/it]
  4%|▍         | 40/939 [34:09<12:50:03, 51.39s/it]
  4%|▍         | 41/939 [35:00<12:45:07, 51.12s/it]
  4%|▍         | 42/939 [35:56<13:06:57, 52.64s/it]
  5%|▍         | 43/939 [36:47<12:57:19, 52.05s/it]
  5%|▍         | 44/939 [37:37<12:49:09, 51.56s/it]
  5%|▍         | 45/939 [38:28<12:43:19, 51.23s/it]
  5%|▍         | 46/939 [39:18<12:39:38, 51.04s/it]
  5%|▌         | 47/939 [40:09<12:38:39, 51.03s/it]
  5%|▌         | 48/939 [41:00<12:38:29, 51.08s/it]
  5%|▌         | 49/939 [41:51<12:34:40, 50.88s/it]
  5%|▌         | 50/939 [42:41<12:31:37, 50.73s/it]
                                                   

  5%|▌         | 50/939 [42:41<12:31:37, 50.73s/it]
  5%|▌         | 51/939 [43:32<12:30:11, 50.69s/it]
  6%|▌         | 52/939 [44:23<12:32:04, 50.87s/it]
  6%|▌         | 53/939 [45:15<12:33:41, 51.04s/it]
  6%|▌         | 54/939 [46:05<12:30:32, 50.88s/it]
  6%|▌         | 55/939 [46:56<12:28:01, 50.77s/it]
  6%|▌         | 56/939 [47:46<12:25:33, 50.66s/it]
  6%|▌         | 57/939 [48:36<12:23:59, 50.61s/it]
  6%|▌         | 58/939 [49:27<12:22:28, 50.57s/it]
  6%|▋         | 59/939 [50:21<12:36:58, 51.61s/it]
  6%|▋         | 60/939 [51:12<12:33:14, 51.42s/it]
  6%|▋         | 61/939 [52:03<12:30:04, 51.26s/it]
  7%|▋         | 62/939 [52:54<12:26:47, 51.09s/it]
  7%|▋         | 63/939 [53:44<12:23:34, 50.93s/it]
  7%|▋         | 64/939 [54:35<12:22:54, 50.94s/it]
  7%|▋         | 65/939 [55:26<12:23:02, 51.01s/it]
  7%|▋         | 66/939 [56:17<12:20:54, 50.92s/it]
  7%|▋         | 67/939 [57:08<12:19:48, 50.90s/it]
  7%|▋         | 68/939 [57:59<12:18:50, 50.90s/it]
  7%|▋         | 69/939 [58:49<12:15:59, 50.76s/it]
  7%|▋         | 70/939 [59:40<12:13:33, 50.65s/it]
  8%|▊         | 71/939 [1:00:30<12:11:19, 50.55s/it]
  8%|▊         | 72/939 [1:01:20<12:09:50, 50.51s/it]
  8%|▊         | 73/939 [1:02:11<12:08:29, 50.47s/it]
  8%|▊         | 74/939 [1:03:01<12:07:36, 50.47s/it]
  8%|▊         | 75/939 [1:03:52<12:06:27, 50.45s/it]
  8%|▊         | 76/939 [1:04:47<12:29:16, 52.09s/it]
  8%|▊         | 77/939 [1:05:40<12:30:24, 52.23s/it]
  8%|▊         | 78/939 [1:06:32<12:28:42, 52.18s/it]
  8%|▊         | 79/939 [1:07:24<12:28:57, 52.25s/it]
  9%|▊         | 80/939 [1:08:15<12:22:27, 51.86s/it]
  9%|▊         | 81/939 [1:09:06<12:17:23, 51.57s/it]
  9%|▊         | 82/939 [1:09:57<12:13:42, 51.37s/it]
  9%|▉         | 83/939 [1:10:48<12:11:16, 51.26s/it]
  9%|▉         | 84/939 [1:11:39<12:07:32, 51.06s/it]
  9%|▉         | 85/939 [1:12:29<12:04:05, 50.87s/it]
  9%|▉         | 86/939 [1:13:20<12:04:31, 50.96s/it]
  9%|▉         | 87/939 [1:14:11<12:03:40, 50.96s/it]
  9%|▉         | 88/939 [1:15:06<12:20:30, 52.21s/it]
  9%|▉         | 89/939 [1:16:01<12:29:23, 52.90s/it]
 10%|▉         | 90/939 [1:16:53<12:25:03, 52.65s/it]
 10%|▉         | 91/939 [1:17:49<12:38:22, 53.66s/it]
 10%|▉         | 92/939 [1:18:45<12:47:23, 54.36s/it]
 10%|▉         | 93/939 [1:19:35<12:29:34, 53.16s/it]
 10%|█         | 94/939 [1:20:26<12:16:57, 52.33s/it]
 10%|█         | 95/939 [1:21:16<12:07:48, 51.74s/it]
 10%|█         | 96/939 [1:22:07<12:03:33, 51.50s/it]
 10%|█         | 97/939 [1:22:58<12:01:34, 51.42s/it]
 10%|█         | 98/939 [1:23:51<12:04:33, 51.69s/it]
 11%|█         | 99/939 [1:24:43<12:06:32, 51.90s/it]
 11%|█         | 100/939 [1:25:34<12:02:56, 51.70s/it]
                                                      

 11%|█         | 100/939 [1:25:34<12:02:56, 51.70s/it]
 11%|█         | 101/939 [1:26:25<11:59:15, 51.50s/it]
 11%|█         | 102/939 [1:27:17<12:00:07, 51.62s/it]
 11%|█         | 103/939 [1:28:12<12:11:53, 52.53s/it]
 11%|█         | 104/939 [1:29:04<12:10:27, 52.49s/it]
 11%|█         | 105/939 [1:29:56<12:08:11, 52.39s/it]
 11%|█▏        | 106/939 [1:30:50<12:12:45, 52.78s/it]
 11%|█▏        | 107/939 [1:31:47<12:30:39, 54.13s/it]
 12%|█▏        | 108/939 [1:32:43<12:34:20, 54.47s/it]
 12%|█▏        | 109/939 [1:33:36<12:28:42, 54.12s/it]
 12%|█▏        | 110/939 [1:34:33<12:39:03, 54.94s/it]
 12%|█▏        | 111/939 [1:35:28<12:38:33, 54.97s/it]
 12%|█▏        | 112/939 [1:36:20<12:25:35, 54.09s/it]
 12%|█▏        | 113/939 [1:37:11<12:10:45, 53.08s/it]
 12%|█▏        | 114/939 [1:38:01<11:59:38, 52.34s/it]
 12%|█▏        | 115/939 [1:38:52<11:52:23, 51.87s/it]
 12%|█▏        | 116/939 [1:39:45<11:57:28, 52.31s/it]
 12%|█▏        | 117/939 [1:40:38<11:56:45, 52.32s/it]
 13%|█▎        | 118/939 [1:41:30<11:55:34, 52.29s/it]
 13%|█▎        | 119/939 [1:42:24<12:00:29, 52.72s/it]
 13%|█▎        | 120/939 [1:43:24<12:31:52, 55.08s/it]
 13%|█▎        | 121/939 [1:44:22<12:41:06, 55.83s/it]
 13%|█▎        | 122/939 [1:45:17<12:37:54, 55.66s/it]
 13%|█▎        | 123/939 [1:46:13<12:37:00, 55.66s/it]
 13%|█▎        | 124/939 [1:47:07<12:31:27, 55.32s/it]
 13%|█▎        | 125/939 [1:48:02<12:29:59, 55.28s/it]
 13%|█▎        | 126/939 [1:48:58<12:30:14, 55.37s/it]
 14%|█▎        | 127/939 [1:49:50<12:16:49, 54.45s/it]
 14%|█▎        | 128/939 [1:50:42<12:03:34, 53.53s/it]
 14%|█▎        | 129/939 [1:51:35<12:01:28, 53.44s/it]
 14%|█▍        | 130/939 [1:52:28<11:59:57, 53.40s/it]
 14%|█▍        | 131/939 [1:53:19<11:47:28, 52.54s/it]
 14%|█▍        | 132/939 [1:54:09<11:38:37, 51.94s/it]
 14%|█▍        | 133/939 [1:55:00<11:32:05, 51.52s/it]
 14%|█▍        | 134/939 [1:55:50<11:27:29, 51.24s/it]
 14%|█▍        | 135/939 [1:56:41<11:23:47, 51.03s/it]
 14%|█▍        | 136/939 [1:57:32<11:21:31, 50.92s/it]
 15%|█▍        | 137/939 [1:58:23<11:20:41, 50.92s/it]
 15%|█▍        | 138/939 [1:59:13<11:18:47, 50.85s/it]
 15%|█▍        | 139/939 [2:00:04<11:18:27, 50.88s/it]
 15%|█▍        | 140/939 [2:00:55<11:18:28, 50.95s/it]
 15%|█▌        | 141/939 [2:01:46<11:16:23, 50.86s/it]
 15%|█▌        | 142/939 [2:02:40<11:27:29, 51.76s/it]
 15%|█▌        | 143/939 [2:03:31<11:22:26, 51.44s/it]
 15%|█▌        | 144/939 [2:04:21<11:18:40, 51.22s/it]
 15%|█▌        | 145/939 [2:05:12<11:15:51, 51.07s/it]
 16%|█▌        | 146/939 [2:06:03<11:13:40, 50.97s/it]
 16%|█▌        | 147/939 [2:06:53<11:11:49, 50.90s/it]
 16%|█▌        | 148/939 [2:07:44<11:10:29, 50.86s/it]
 16%|█▌        | 149/939 [2:08:35<11:09:12, 50.83s/it]
 16%|█▌        | 150/939 [2:09:26<11:07:43, 50.78s/it]
                                                      

 16%|█▌        | 150/939 [2:09:26<11:07:43, 50.78s/it]
 16%|█▌        | 151/939 [2:10:16<11:06:31, 50.75s/it]
 16%|█▌        | 152/939 [2:11:07<11:05:26, 50.73s/it]
 16%|█▋        | 153/939 [2:11:58<11:04:31, 50.73s/it]
 16%|█▋        | 154/939 [2:12:48<11:03:52, 50.74s/it]
 17%|█▋        | 155/939 [2:13:39<11:03:15, 50.76s/it]
 17%|█▋        | 156/939 [2:14:30<11:01:59, 50.73s/it]
 17%|█▋        | 157/939 [2:15:21<11:00:58, 50.71s/it]
 17%|█▋        | 158/939 [2:16:11<11:00:03, 50.71s/it]
 17%|█▋        | 159/939 [2:17:02<10:59:29, 50.73s/it]
 17%|█▋        | 160/939 [2:17:53<11:00:13, 50.85s/it]
 17%|█▋        | 161/939 [2:18:44<10:59:00, 50.82s/it]
 17%|█▋        | 162/939 [2:19:35<10:57:32, 50.78s/it]
 17%|█▋        | 163/939 [2:20:25<10:56:20, 50.75s/it]
 17%|█▋        | 164/939 [2:21:16<10:55:10, 50.72s/it]
 18%|█▊        | 165/939 [2:22:09<11:03:50, 51.46s/it]
 18%|█▊        | 166/939 [2:23:01<11:04:50, 51.60s/it]
 18%|█▊        | 167/939 [2:23:53<11:06:40, 51.81s/it]
 18%|█▊        | 168/939 [2:24:45<11:06:42, 51.88s/it]
 18%|█▊        | 169/939 [2:25:41<11:20:12, 53.00s/it]
 18%|█▊        | 170/939 [2:26:33<11:16:52, 52.81s/it]
 18%|█▊        | 171/939 [2:27:26<11:13:20, 52.60s/it]
 18%|█▊        | 172/939 [2:28:23<11:32:48, 54.20s/it]
 18%|█▊        | 173/939 [2:29:16<11:23:42, 53.55s/it]
 19%|█▊        | 174/939 [2:30:07<11:16:42, 53.07s/it]
 19%|█▊        | 175/939 [2:31:00<11:11:48, 52.76s/it]
 19%|█▊        | 176/939 [2:31:52<11:08:23, 52.56s/it]
 19%|█▉        | 177/939 [2:32:44<11:05:38, 52.41s/it]
 19%|█▉        | 178/939 [2:33:36<11:03:11, 52.29s/it]
 19%|█▉        | 179/939 [2:34:28<11:01:38, 52.24s/it]
 19%|█▉        | 180/939 [2:35:20<11:00:05, 52.18s/it]
 19%|█▉        | 181/939 [2:36:12<10:58:49, 52.15s/it]
 19%|█▉        | 182/939 [2:37:04<10:57:44, 52.13s/it]
 19%|█▉        | 183/939 [2:37:56<10:57:40, 52.20s/it]
 20%|█▉        | 184/939 [2:38:48<10:56:26, 52.17s/it]
 20%|█▉        | 185/939 [2:39:41<10:55:40, 52.18s/it]
 20%|█▉        | 186/939 [2:40:33<10:55:31, 52.23s/it]
 20%|█▉        | 187/939 [2:41:25<10:53:52, 52.17s/it]
 20%|██        | 188/939 [2:42:17<10:53:09, 52.18s/it]
 20%|██        | 189/939 [2:43:09<10:52:14, 52.18s/it]
 20%|██        | 190/939 [2:44:01<10:50:41, 52.13s/it]
 20%|██        | 191/939 [2:44:53<10:49:16, 52.08s/it]
 20%|██        | 192/939 [2:45:46<10:51:02, 52.29s/it]
 21%|██        | 193/939 [2:46:39<10:51:24, 52.39s/it]
 21%|██        | 194/939 [2:47:31<10:49:18, 52.29s/it]
 21%|██        | 195/939 [2:48:23<10:48:04, 52.26s/it]
 21%|██        | 196/939 [2:49:19<11:01:57, 53.46s/it]
 21%|██        | 197/939 [2:50:11<10:55:43, 53.02s/it]
 21%|██        | 198/939 [2:51:03<10:51:27, 52.75s/it]
 21%|██        | 199/939 [2:51:55<10:47:46, 52.52s/it]
 21%|██▏       | 200/939 [2:52:48<10:45:17, 52.39s/it]
                                                      

 21%|██▏       | 200/939 [2:52:48<10:45:17, 52.39s/it]
 21%|██▏       | 201/939 [2:53:40<10:43:17, 52.30s/it]
 22%|██▏       | 202/939 [2:54:32<10:41:23, 52.22s/it]
 22%|██▏       | 203/939 [2:55:24<10:40:14, 52.19s/it]
 22%|██▏       | 204/939 [2:56:17<10:41:43, 52.39s/it]
 22%|██▏       | 205/939 [2:57:09<10:39:50, 52.30s/it]
 22%|██▏       | 206/939 [2:58:01<10:37:50, 52.21s/it]
 22%|██▏       | 207/939 [2:58:53<10:36:32, 52.18s/it]
 22%|██▏       | 208/939 [2:59:45<10:35:14, 52.14s/it]
 22%|██▏       | 209/939 [3:00:37<10:34:10, 52.12s/it]
 22%|██▏       | 210/939 [3:01:29<10:33:24, 52.13s/it]
 22%|██▏       | 211/939 [3:02:23<10:37:49, 52.57s/it]
 23%|██▎       | 212/939 [3:03:15<10:34:41, 52.38s/it]
 23%|██▎       | 213/939 [3:04:09<10:39:59, 52.89s/it]
 23%|██▎       | 214/939 [3:05:01<10:35:32, 52.60s/it]
 23%|██▎       | 215/939 [3:05:53<10:32:34, 52.42s/it]
 23%|██▎       | 216/939 [3:06:45<10:30:23, 52.31s/it]
 23%|██▎       | 217/939 [3:07:37<10:28:32, 52.23s/it]
 23%|██▎       | 218/939 [3:08:29<10:26:55, 52.17s/it]
 23%|██▎       | 219/939 [3:09:21<10:25:22, 52.11s/it]
 23%|██▎       | 220/939 [3:10:13<10:24:26, 52.11s/it]
 24%|██▎       | 221/939 [3:11:05<10:23:13, 52.08s/it]
 24%|██▎       | 222/939 [3:11:57<10:22:24, 52.08s/it]
 24%|██▎       | 223/939 [3:12:49<10:21:24, 52.07s/it]
 24%|██▍       | 224/939 [3:13:41<10:20:32, 52.07s/it]
 24%|██▍       | 225/939 [3:14:33<10:19:15, 52.04s/it]
 24%|██▍       | 226/939 [3:15:25<10:18:08, 52.02s/it]
 24%|██▍       | 227/939 [3:16:17<10:17:30, 52.04s/it]
 24%|██▍       | 228/939 [3:17:09<10:16:27, 52.02s/it]
 24%|██▍       | 229/939 [3:18:01<10:15:29, 52.01s/it]
 24%|██▍       | 230/939 [3:18:53<10:14:47, 52.03s/it]
 25%|██▍       | 231/939 [3:19:45<10:14:01, 52.04s/it]
 25%|██▍       | 232/939 [3:20:37<10:13:12, 52.04s/it]
 25%|██▍       | 233/939 [3:21:29<10:12:54, 52.09s/it]
 25%|██▍       | 234/939 [3:22:22<10:12:11, 52.10s/it]
 25%|██▌       | 235/939 [3:23:14<10:11:19, 52.10s/it]
 25%|██▌       | 236/939 [3:24:06<10:10:10, 52.08s/it]
 25%|██▌       | 237/939 [3:24:58<10:09:10, 52.07s/it]
 25%|██▌       | 238/939 [3:25:50<10:08:10, 52.05s/it]
 25%|██▌       | 239/939 [3:26:42<10:07:07, 52.04s/it]
 26%|██▌       | 240/939 [3:27:34<10:06:13, 52.04s/it]
 26%|██▌       | 241/939 [3:28:26<10:05:03, 52.01s/it]
 26%|██▌       | 242/939 [3:29:18<10:04:11, 52.01s/it]
 26%|██▌       | 243/939 [3:30:10<10:03:28, 52.02s/it]
 26%|██▌       | 244/939 [3:31:02<10:02:37, 52.03s/it]
 26%|██▌       | 245/939 [3:31:54<10:01:40, 52.02s/it]
 26%|██▌       | 246/939 [3:32:46<10:00:53, 52.02s/it]
 26%|██▋       | 247/939 [3:33:38<9:59:41, 52.00s/it] 
 26%|██▋       | 248/939 [3:34:30<9:59:00, 52.01s/it]
 27%|██▋       | 249/939 [3:35:22<9:57:54, 51.99s/it]
 27%|██▋       | 250/939 [3:36:14<9:57:35, 52.04s/it]
                                                     

 27%|██▋       | 250/939 [3:36:14<9:57:35, 52.04s/it]{'loss': '2.847', 'grad_norm': '0.06296', 'learning_rate': '0.0002', 'entropy': '2.416', 'num_tokens': '4.096e+05', 'mean_token_accuracy': '0.5301', 'epoch': '0.16'}
{'loss': '2.146', 'grad_norm': '0.06719', 'learning_rate': '0.0001983', 'entropy': '2.153', 'num_tokens': '8.192e+05', 'mean_token_accuracy': '0.6123', 'epoch': '0.32'}
{'loss': '2.038', 'grad_norm': '0.07717', 'learning_rate': '0.0001936', 'entropy': '2.055', 'num_tokens': '1.229e+06', 'mean_token_accuracy': '0.6283', 'epoch': '0.48'}
{'loss': '1.902', 'grad_norm': '0.09967', 'learning_rate': '0.000186', 'entropy': '1.93', 'num_tokens': '1.638e+06', 'mean_token_accuracy': '0.6482', 'epoch': '0.64'}
{'loss': '1.811', 'grad_norm': '0.1302', 'learning_rate': '0.0001757', 'entropy': '1.851', 'num_tokens': '2.048e+06', 'mean_token_accuracy': '0.6651', 'epoch': '0.8'}


  0%|          | 0/250 [00:00<?, ?it/s][A

  1%|          | 2/250 [00:01<04:03,  1.02it/s][A

  1%|          | 3/250 [00:03<05:34,  1.36s/it][A

  2%|▏         | 4/250 [00:05<06:19,  1.54s/it][A

  2%|▏         | 5/250 [00:07<06:44,  1.65s/it][A

  2%|▏         | 6/250 [00:09<06:58,  1.71s/it][A

  3%|▎         | 7/250 [00:11<07:07,  1.76s/it][A

  3%|▎         | 8/250 [00:13<07:12,  1.79s/it][A

  4%|▎         | 9/250 [00:14<07:15,  1.81s/it][A

  4%|▍         | 10/250 [00:16<07:16,  1.82s/it][A

  4%|▍         | 11/250 [00:18<07:18,  1.83s/it][A

  5%|▍         | 12/250 [00:20<07:17,  1.84s/it][A

  5%|▌         | 13/250 [00:22<07:17,  1.84s/it][A

  6%|▌         | 14/250 [00:24<07:16,  1.85s/it][A

  6%|▌         | 15/250 [00:26<07:14,  1.85s/it][A

  6%|▋         | 16/250 [00:27<07:12,  1.85s/it][A

  7%|▋         | 17/250 [00:29<07:10,  1.85s/it][A

  7%|▋         | 18/250 [00:31<07:08,  1.85s/it][A

  8%|▊         | 19/250 [00:33<07:07,  1.85s/it][A

  8%|▊         | 20/250 [00:35<07:05,  1.85s/it][A

  8%|▊         | 21/250 [00:37<07:04,  1.86s/it][A

  9%|▉         | 22/250 [00:39<07:02,  1.85s/it][A

  9%|▉         | 23/250 [00:40<07:00,  1.85s/it][A

 10%|▉         | 24/250 [00:42<06:58,  1.85s/it][A

 10%|█         | 25/250 [00:44<06:56,  1.85s/it][A

 10%|█         | 26/250 [00:46<06:54,  1.85s/it][A

 11%|█         | 27/250 [00:48<06:54,  1.86s/it][A

 11%|█         | 28/250 [00:50<06:51,  1.85s/it][A

 12%|█▏        | 29/250 [00:52<06:50,  1.86s/it][A

 12%|█▏        | 30/250 [00:53<06:49,  1.86s/it][A

 12%|█▏        | 31/250 [00:55<06:47,  1.86s/it][A

 13%|█▎        | 32/250 [00:57<06:46,  1.86s/it][A

 13%|█▎        | 33/250 [00:59<06:43,  1.86s/it][A

 14%|█▎        | 34/250 [01:01<06:40,  1.86s/it][A

 14%|█▍        | 35/250 [01:03<06:38,  1.86s/it][A

 14%|█▍        | 36/250 [01:05<06:36,  1.85s/it][A

 15%|█▍        | 37/250 [01:06<06:34,  1.85s/it][A

 15%|█▌        | 38/250 [01:08<06:33,  1.85s/it][A

 16%|█▌        | 39/250 [01:10<06:32,  1.86s/it][A

 16%|█▌        | 40/250 [01:12<06:31,  1.86s/it][A

 16%|█▋        | 41/250 [01:14<06:29,  1.86s/it][A

 17%|█▋        | 42/250 [01:16<06:27,  1.86s/it][A

 17%|█▋        | 43/250 [01:18<06:25,  1.86s/it][A

 18%|█▊        | 44/250 [01:19<06:23,  1.86s/it][A

 18%|█▊        | 45/250 [01:21<06:21,  1.86s/it][A

 18%|█▊        | 46/250 [01:23<06:18,  1.86s/it][A

 19%|█▉        | 47/250 [01:25<06:17,  1.86s/it][A

 19%|█▉        | 48/250 [01:27<06:15,  1.86s/it][A

 20%|█▉        | 49/250 [01:29<06:14,  1.86s/it][A

 20%|██        | 50/250 [01:31<06:12,  1.86s/it][A

 20%|██        | 51/250 [01:32<06:09,  1.86s/it][A

 21%|██        | 52/250 [01:34<06:08,  1.86s/it][A

 21%|██        | 53/250 [01:36<06:05,  1.86s/it][A

 22%|██▏       | 54/250 [01:38<06:04,  1.86s/it][A

 22%|██▏       | 55/250 [01:40<06:02,  1.86s/it][A

 22%|██▏       | 56/250 [01:42<05:59,  1.85s/it][A

 23%|██▎       | 57/250 [01:44<05:57,  1.85s/it][A

 23%|██▎       | 58/250 [01:45<05:55,  1.85s/it][A

 24%|██▎       | 59/250 [01:47<05:53,  1.85s/it][A

 24%|██▍       | 60/250 [01:49<05:52,  1.85s/it][A

 24%|██▍       | 61/250 [01:51<05:50,  1.85s/it][A

 25%|██▍       | 62/250 [01:53<05:50,  1.86s/it][A

 25%|██▌       | 63/250 [01:55<05:48,  1.86s/it][A

 26%|██▌       | 64/250 [01:57<05:47,  1.87s/it][A

 26%|██▌       | 65/250 [01:58<05:44,  1.86s/it][A

 26%|██▋       | 66/250 [02:00<05:42,  1.86s/it][A

 27%|██▋       | 67/250 [02:02<05:40,  1.86s/it][A

 27%|██▋       | 68/250 [02:04<05:38,  1.86s/it][A

 28%|██▊       | 69/250 [02:06<05:35,  1.85s/it][A

 28%|██▊       | 70/250 [02:08<05:34,  1.86s/it][A

 28%|██▊       | 71/250 [02:10<05:31,  1.85s/it][A

 29%|██▉       | 72/250 [02:11<05:30,  1.85s/it][A

 29%|██▉       | 73/250 [02:13<05:28,  1.85s/it][A

 30%|██▉       | 74/250 [02:15<05:25,  1.85s/it][A

 30%|███       | 75/250 [02:17<05:25,  1.86s/it][A

 30%|███       | 76/250 [02:19<05:22,  1.85s/it][A

 31%|███       | 77/250 [02:21<05:21,  1.86s/it][A

 31%|███       | 78/250 [02:23<05:18,  1.85s/it][A

 32%|███▏      | 79/250 [02:24<05:16,  1.85s/it][A

 32%|███▏      | 80/250 [02:26<05:14,  1.85s/it][A

 32%|███▏      | 81/250 [02:28<05:12,  1.85s/it][A

 33%|███▎      | 82/250 [02:30<05:10,  1.85s/it][A

 33%|███▎      | 83/250 [02:32<05:10,  1.86s/it][A

 34%|███▎      | 84/250 [02:34<05:07,  1.85s/it][A

 34%|███▍      | 85/250 [02:36<05:06,  1.86s/it][A

 34%|███▍      | 86/250 [02:37<05:04,  1.86s/it][A

 35%|███▍      | 87/250 [02:39<05:02,  1.86s/it][A

 35%|███▌      | 88/250 [02:41<05:01,  1.86s/it][A

 36%|███▌      | 89/250 [02:43<04:58,  1.85s/it][A

 36%|███▌      | 90/250 [02:45<04:56,  1.86s/it][A

 36%|███▋      | 91/250 [02:47<04:55,  1.86s/it][A

 37%|███▋      | 92/250 [02:49<04:52,  1.85s/it][A

 37%|███▋      | 93/250 [02:50<04:50,  1.85s/it][A

 38%|███▊      | 94/250 [02:52<04:48,  1.85s/it][A

 38%|███▊      | 95/250 [02:54<04:47,  1.85s/it][A

 38%|███▊      | 96/250 [02:56<04:46,  1.86s/it][A

 39%|███▉      | 97/250 [02:58<04:43,  1.86s/it][A

 39%|███▉      | 98/250 [03:00<04:41,  1.85s/it][A

 40%|███▉      | 99/250 [03:01<04:39,  1.85s/it][A

 40%|████      | 100/250 [03:03<04:37,  1.85s/it][A

 40%|████      | 101/250 [03:05<04:35,  1.85s/it][A

 41%|████      | 102/250 [03:07<04:33,  1.85s/it][A

 41%|████      | 103/250 [03:09<04:31,  1.85s/it][A

 42%|████▏     | 104/250 [03:11<04:31,  1.86s/it][A

 42%|████▏     | 105/250 [03:13<04:29,  1.86s/it][A

 42%|████▏     | 106/250 [03:14<04:27,  1.86s/it][A

 43%|████▎     | 107/250 [03:16<04:25,  1.85s/it][A

 43%|████▎     | 108/250 [03:18<04:23,  1.85s/it][A

 44%|████▎     | 109/250 [03:20<04:21,  1.85s/it][A

 44%|████▍     | 110/250 [03:22<04:19,  1.85s/it][A

 44%|████▍     | 111/250 [03:24<04:17,  1.85s/it][A

 45%|████▍     | 112/250 [03:26<04:16,  1.86s/it][A

 45%|████▌     | 113/250 [03:27<04:14,  1.85s/it][A

 46%|████▌     | 114/250 [03:29<04:12,  1.86s/it][A

 46%|████▌     | 115/250 [03:31<04:10,  1.86s/it][A

 46%|████▋     | 116/250 [03:33<04:08,  1.85s/it][A

 47%|████▋     | 117/250 [03:35<04:06,  1.86s/it][A

 47%|████▋     | 118/250 [03:37<04:04,  1.85s/it][A

 48%|████▊     | 119/250 [03:39<04:02,  1.85s/it][A

 48%|████▊     | 120/250 [03:40<04:01,  1.86s/it][A

 48%|████▊     | 121/250 [03:42<03:59,  1.85s/it][A

 49%|████▉     | 122/250 [03:44<03:57,  1.85s/it][A

 49%|████▉     | 123/250 [03:46<03:55,  1.85s/it][A

 50%|████▉     | 124/250 [03:48<03:53,  1.85s/it][A

 50%|█████     | 125/250 [03:50<03:51,  1.85s/it][A

 50%|█████     | 126/250 [03:52<03:49,  1.85s/it][A

 51%|█████     | 127/250 [03:53<03:47,  1.85s/it][A

 51%|█████     | 128/250 [03:55<03:47,  1.86s/it][A

 52%|█████▏    | 129/250 [03:57<03:44,  1.86s/it][A

 52%|█████▏    | 130/250 [03:59<03:42,  1.86s/it][A

 52%|█████▏    | 131/250 [04:01<03:40,  1.85s/it][A

 53%|█████▎    | 132/250 [04:03<03:38,  1.85s/it][A

 53%|█████▎    | 133/250 [04:05<03:36,  1.85s/it][A

 54%|█████▎    | 134/250 [04:06<03:34,  1.85s/it][A

 54%|█████▍    | 135/250 [04:08<03:32,  1.85s/it][A

 54%|█████▍    | 136/250 [04:10<03:31,  1.85s/it][A

 55%|█████▍    | 137/250 [04:12<03:29,  1.85s/it][A

 55%|█████▌    | 138/250 [04:14<03:27,  1.86s/it][A

 56%|█████▌    | 139/250 [04:16<03:25,  1.85s/it][A

 56%|█████▌    | 140/250 [04:17<03:23,  1.85s/it][A

 56%|█████▋    | 141/250 [04:19<03:21,  1.85s/it][A

 57%|█████▋    | 142/250 [04:21<03:19,  1.85s/it][A

 57%|█████▋    | 143/250 [04:23<03:17,  1.85s/it][A

 58%|█████▊    | 144/250 [04:25<03:15,  1.85s/it][A

 58%|█████▊    | 145/250 [04:27<03:13,  1.85s/it][A

 58%|█████▊    | 146/250 [04:29<03:12,  1.85s/it][A

 59%|█████▉    | 147/250 [04:30<03:10,  1.85s/it][A

 59%|█████▉    | 148/250 [04:32<03:08,  1.85s/it][A

 60%|█████▉    | 149/250 [04:34<03:07,  1.85s/it][A

 60%|██████    | 150/250 [04:36<03:05,  1.85s/it][A

 60%|██████    | 151/250 [04:38<03:03,  1.85s/it][A

 61%|██████    | 152/250 [04:40<03:01,  1.85s/it][A

 61%|██████    | 153/250 [04:42<02:59,  1.85s/it][A

 62%|██████▏   | 154/250 [04:43<02:57,  1.85s/it][A

 62%|██████▏   | 155/250 [04:45<02:55,  1.85s/it][A

 62%|██████▏   | 156/250 [04:47<02:53,  1.85s/it][A

 63%|██████▎   | 157/250 [04:49<02:51,  1.85s/it][A

 63%|██████▎   | 158/250 [04:51<02:49,  1.85s/it][A

 64%|██████▎   | 159/250 [04:53<02:48,  1.85s/it][A

 64%|██████▍   | 160/250 [04:54<02:46,  1.85s/it][A

 64%|██████▍   | 161/250 [04:56<02:45,  1.86s/it][A

 65%|██████▍   | 162/250 [04:58<02:43,  1.85s/it][A

 65%|██████▌   | 163/250 [05:00<02:41,  1.85s/it][A

 66%|██████▌   | 164/250 [05:02<02:39,  1.85s/it][A

 66%|██████▌   | 165/250 [05:04<02:37,  1.85s/it][A

 66%|██████▋   | 166/250 [05:06<02:35,  1.85s/it][A

 67%|██████▋   | 167/250 [05:07<02:33,  1.85s/it][A

 67%|██████▋   | 168/250 [05:09<02:31,  1.85s/it][A

 68%|██████▊   | 169/250 [05:11<02:30,  1.86s/it][A

 68%|██████▊   | 170/250 [05:13<02:28,  1.86s/it][A

 68%|██████▊   | 171/250 [05:15<02:26,  1.86s/it][A

 69%|██████▉   | 172/250 [05:17<02:24,  1.86s/it][A

 69%|██████▉   | 173/250 [05:19<02:22,  1.85s/it][A

 70%|██████▉   | 174/250 [05:20<02:21,  1.86s/it][A

 70%|███████   | 175/250 [05:22<02:18,  1.85s/it][A

 70%|███████   | 176/250 [05:24<02:17,  1.86s/it][A

 71%|███████   | 177/250 [05:26<02:15,  1.86s/it][A

 71%|███████   | 178/250 [05:28<02:13,  1.85s/it][A

 72%|███████▏  | 179/250 [05:30<02:11,  1.85s/it][A

 72%|███████▏  | 180/250 [05:32<02:09,  1.85s/it][A

 72%|███████▏  | 181/250 [05:33<02:07,  1.85s/it][A

 73%|███████▎  | 182/250 [05:35<02:05,  1.85s/it][A

 73%|███████▎  | 183/250 [05:37<02:03,  1.85s/it][A

 74%|███████▎  | 184/250 [05:39<02:01,  1.85s/it][A

 74%|███████▍  | 185/250 [05:41<02:00,  1.85s/it][A

 74%|███████▍  | 186/250 [05:43<01:58,  1.85s/it][A

 75%|███████▍  | 187/250 [05:44<01:56,  1.85s/it][A

 75%|███████▌  | 188/250 [05:46<01:54,  1.85s/it][A

 76%|███████▌  | 189/250 [05:48<01:52,  1.85s/it][A

 76%|███████▌  | 190/250 [05:50<01:50,  1.85s/it][A

 76%|███████▋  | 191/250 [05:52<01:49,  1.85s/it][A

 77%|███████▋  | 192/250 [05:54<01:47,  1.85s/it][A

 77%|███████▋  | 193/250 [05:56<01:46,  1.86s/it][A

 78%|███████▊  | 194/250 [05:57<01:44,  1.86s/it][A

 78%|███████▊  | 195/250 [05:59<01:42,  1.86s/it][A

 78%|███████▊  | 196/250 [06:01<01:40,  1.85s/it][A

 79%|███████▉  | 197/250 [06:03<01:38,  1.85s/it][A

 79%|███████▉  | 198/250 [06:05<01:36,  1.85s/it][A

 80%|███████▉  | 199/250 [06:07<01:34,  1.85s/it][A

 80%|████████  | 200/250 [06:09<01:32,  1.85s/it][A

 80%|████████  | 201/250 [06:10<01:30,  1.86s/it][A

 81%|████████  | 202/250 [06:12<01:28,  1.85s/it][A

 81%|████████  | 203/250 [06:14<01:27,  1.86s/it][A

 82%|████████▏ | 204/250 [06:16<01:25,  1.86s/it][A

 82%|████████▏ | 205/250 [06:18<01:23,  1.85s/it][A

 82%|████████▏ | 206/250 [06:20<01:21,  1.85s/it][A

 83%|████████▎ | 207/250 [06:22<01:19,  1.85s/it][A

 83%|████████▎ | 208/250 [06:23<01:17,  1.85s/it][A

 84%|████████▎ | 209/250 [06:25<01:15,  1.85s/it][A

 84%|████████▍ | 210/250 [06:27<01:14,  1.85s/it][A

 84%|████████▍ | 211/250 [06:29<01:12,  1.85s/it][A

 85%|████████▍ | 212/250 [06:31<01:10,  1.85s/it][A

 85%|████████▌ | 213/250 [06:33<01:08,  1.85s/it][A

 86%|████████▌ | 214/250 [06:35<01:06,  1.85s/it][A

 86%|████████▌ | 215/250 [06:36<01:04,  1.85s/it][A

 86%|████████▋ | 216/250 [06:38<01:02,  1.85s/it][A

 87%|████████▋ | 217/250 [06:40<01:00,  1.85s/it][A

 87%|████████▋ | 218/250 [06:42<00:59,  1.85s/it][A

 88%|████████▊ | 219/250 [06:44<00:57,  1.85s/it][A

 88%|████████▊ | 220/250 [06:46<00:55,  1.85s/it][A

 88%|████████▊ | 221/250 [06:47<00:53,  1.85s/it][A

 89%|████████▉ | 222/250 [06:49<00:51,  1.85s/it][A

 89%|████████▉ | 223/250 [06:51<00:50,  1.85s/it][A

 90%|████████▉ | 224/250 [06:53<00:48,  1.85s/it][A

 90%|█████████ | 225/250 [06:55<00:46,  1.85s/it][A

 90%|█████████ | 226/250 [06:57<00:44,  1.85s/it][A

 91%|█████████ | 227/250 [06:59<00:42,  1.85s/it][A

 91%|█████████ | 228/250 [07:00<00:40,  1.85s/it][A

 92%|█████████▏| 229/250 [07:02<00:38,  1.85s/it][A

 92%|█████████▏| 230/250 [07:04<00:36,  1.85s/it][A

 92%|█████████▏| 231/250 [07:06<00:35,  1.85s/it][A

 93%|█████████▎| 232/250 [07:08<00:33,  1.85s/it][A

 93%|█████████▎| 233/250 [07:10<00:31,  1.85s/it][A

 94%|█████████▎| 234/250 [07:12<00:29,  1.85s/it][A

 94%|█████████▍| 235/250 [07:13<00:27,  1.85s/it][A

 94%|█████████▍| 236/250 [07:15<00:25,  1.85s/it][A

 95%|█████████▍| 237/250 [07:17<00:24,  1.85s/it][A

 95%|█████████▌| 238/250 [07:19<00:22,  1.85s/it][A

 96%|█████████▌| 239/250 [07:21<00:20,  1.85s/it][A

 96%|█████████▌| 240/250 [07:23<00:18,  1.85s/it][A

 96%|█████████▋| 241/250 [07:24<00:16,  1.85s/it][A

 97%|█████████▋| 242/250 [07:26<00:14,  1.85s/it][A

 97%|█████████▋| 243/250 [07:28<00:12,  1.85s/it][A

 98%|█████████▊| 244/250 [07:30<00:11,  1.85s/it][A

 98%|█████████▊| 245/250 [07:32<00:09,  1.85s/it][A

 98%|█████████▊| 246/250 [07:34<00:07,  1.85s/it][A

 99%|█████████▉| 247/250 [07:36<00:05,  1.85s/it][A

 99%|█████████▉| 248/250 [07:37<00:03,  1.85s/it][A

100%|█████████▉| 249/250 [07:39<00:01,  1.85s/it][A

100%|██████████| 250/250 [07:41<00:00,  1.85s/it][A
                                                     

                                                 
[A
 27%|██▋       | 250/939 [3:43:57<9:57:35, 52.04s/it]

100%|██████████| 250/250 [07:41<00:00,  1.85s/it][A

                                                 [A
 27%|██▋       | 251/939 [3:44:55<36:49:57, 192.73s/it]
 27%|██▋       | 252/939 [3:45:47<28:43:08, 150.49s/it]
 27%|██▋       | 253/939 [3:46:39<23:02:24, 120.91s/it]
 27%|██▋       | 254/939 [3:47:31<19:04:04, 100.21s/it]
 27%|██▋       | 255/939 [3:48:23<16:17:32, 85.75s/it] 
 27%|██▋       | 256/939 [3:49:15<14:20:43, 75.61s/it]
 27%|██▋       | 257/939 [3:50:07<12:59:28, 68.57s/it]
 27%|██▋       | 258/939 [3:50:59<12:02:33, 63.66s/it]
 28%|██▊       | 259/939 [3:51:51<11:22:15, 60.20s/it]
 28%|██▊       | 260/939 [3:52:43<10:53:59, 57.79s/it]
 28%|██▊       | 261/939 [3:53:36<10:34:20, 56.14s/it]
 28%|██▊       | 262/939 [3:54:28<10:20:28, 54.99s/it]
 28%|██▊       | 263/939 [3:55:20<10:10:54, 54.22s/it]
 28%|██▊       | 264/939 [3:56:13<10:03:16, 53.62s/it]
 28%|██▊       | 265/939 [3:57:05<9:59:26, 53.36s/it] 
 28%|██▊       | 266/939 [3:57:58<9:54:51, 53.03s/it]
 28%|██▊       | 267/939 [3:58:50<9:53:09, 52.96s/it]
 29%|██▊       | 268/939 [3:59:42<9:49:25, 52.71s/it]
 29%|██▊       | 269/939 [4:00:35<9:46:43, 52.54s/it]
 29%|██▉       | 270/939 [4:01:27<9:44:16, 52.40s/it]
 29%|██▉       | 271/939 [4:02:19<9:42:55, 52.36s/it]
 29%|██▉       | 272/939 [4:03:11<9:41:01, 52.27s/it]
 29%|██▉       | 273/939 [4:04:03<9:39:35, 52.22s/it]
 29%|██▉       | 274/939 [4:04:57<9:45:10, 52.80s/it]
 29%|██▉       | 275/939 [4:05:50<9:43:51, 52.76s/it]
 29%|██▉       | 276/939 [4:06:43<9:45:36, 53.00s/it]
 29%|██▉       | 277/939 [4:07:36<9:41:36, 52.71s/it]
 30%|██▉       | 278/939 [4:08:28<9:38:30, 52.51s/it]
 30%|██▉       | 279/939 [4:09:20<9:35:59, 52.36s/it]
 30%|██▉       | 280/939 [4:10:12<9:34:19, 52.29s/it]
 30%|██▉       | 281/939 [4:11:04<9:32:38, 52.22s/it]
 30%|███       | 282/939 [4:11:56<9:31:22, 52.18s/it]
 30%|███       | 283/939 [4:12:48<9:30:18, 52.16s/it]
 30%|███       | 284/939 [4:13:40<9:28:49, 52.11s/it]
 30%|███       | 285/939 [4:14:32<9:28:13, 52.13s/it]
 30%|███       | 286/939 [4:15:24<9:26:53, 52.09s/it]
 31%|███       | 287/939 [4:16:18<9:31:51, 52.63s/it]
 31%|███       | 288/939 [4:17:10<9:29:41, 52.51s/it]
 31%|███       | 289/939 [4:18:02<9:27:29, 52.38s/it]
 31%|███       | 290/939 [4:18:54<9:25:38, 52.29s/it]
 31%|███       | 291/939 [4:19:47<9:26:06, 52.42s/it]
 31%|███       | 292/939 [4:20:39<9:24:10, 52.32s/it]
 31%|███       | 293/939 [4:21:32<9:24:32, 52.43s/it]
 31%|███▏      | 294/939 [4:22:24<9:22:40, 52.34s/it]
 31%|███▏      | 295/939 [4:23:17<9:22:23, 52.40s/it]
 32%|███▏      | 296/939 [4:24:10<9:23:56, 52.62s/it]
 32%|███▏      | 297/939 [4:25:02<9:21:09, 52.44s/it]
 32%|███▏      | 298/939 [4:25:54<9:18:56, 52.32s/it]
 32%|███▏      | 299/939 [4:26:46<9:17:16, 52.24s/it]
 32%|███▏      | 300/939 [4:27:38<9:15:35, 52.17s/it]
                                                     

 32%|███▏      | 300/939 [4:27:38<9:15:35, 52.17s/it]
 32%|███▏      | 301/939 [4:28:30<9:14:15, 52.13s/it]
 32%|███▏      | 302/939 [4:29:22<9:13:13, 52.11s/it]
 32%|███▏      | 303/939 [4:30:14<9:12:21, 52.11s/it]
 32%|███▏      | 304/939 [4:31:08<9:18:26, 52.77s/it]
 32%|███▏      | 305/939 [4:32:01<9:15:43, 52.59s/it]
 33%|███▎      | 306/939 [4:32:55<9:22:08, 53.28s/it]
 33%|███▎      | 307/939 [4:33:47<9:16:58, 52.88s/it]
 33%|███▎      | 308/939 [4:34:39<9:12:11, 52.51s/it]
 33%|███▎      | 309/939 [4:35:31<9:09:23, 52.32s/it]
 33%|███▎      | 310/939 [4:36:23<9:08:25, 52.31s/it]
 33%|███▎      | 311/939 [4:37:17<9:11:10, 52.66s/it]
 33%|███▎      | 312/939 [4:38:09<9:09:01, 52.54s/it]
 33%|███▎      | 313/939 [4:38:37<7:50:39, 45.11s/it]
 33%|███▎      | 314/939 [4:39:30<8:15:07, 47.53s/it]
 34%|███▎      | 315/939 [4:40:22<8:29:46, 49.02s/it]
 34%|███▎      | 316/939 [4:41:18<8:50:13, 51.07s/it]
 34%|███▍      | 317/939 [4:42:11<8:54:04, 51.52s/it]
 34%|███▍      | 318/939 [4:43:06<9:05:10, 52.67s/it]
 34%|███▍      | 319/939 [4:44:01<9:11:22, 53.36s/it]
 34%|███▍      | 320/939 [4:44:54<9:09:56, 53.31s/it]
 34%|███▍      | 321/939 [4:45:53<9:25:54, 54.94s/it]
 34%|███▍      | 322/939 [4:46:49<9:27:31, 55.19s/it]
 34%|███▍      | 323/939 [4:47:47<9:34:37, 55.97s/it]
 35%|███▍      | 324/939 [4:48:41<9:28:19, 55.45s/it]
 35%|███▍      | 325/939 [4:49:36<9:26:42, 55.38s/it]
 35%|███▍      | 326/939 [4:50:30<9:22:44, 55.08s/it]
 35%|███▍      | 327/939 [4:51:24<9:17:00, 54.61s/it]
 35%|███▍      | 328/939 [4:52:17<9:12:35, 54.26s/it]
 35%|███▌      | 329/939 [4:53:13<9:15:04, 54.60s/it]
 35%|███▌      | 330/939 [4:54:04<9:03:13, 53.52s/it]
 35%|███▌      | 331/939 [4:54:55<8:54:04, 52.70s/it]
 35%|███▌      | 332/939 [4:55:46<8:48:08, 52.20s/it]
 35%|███▌      | 333/939 [4:56:37<8:44:00, 51.88s/it]
 36%|███▌      | 334/939 [4:57:30<8:47:16, 52.29s/it]
 36%|███▌      | 335/939 [4:58:21<8:41:29, 51.80s/it]
 36%|███▌      | 336/939 [4:59:11<8:37:27, 51.49s/it]
 36%|███▌      | 337/939 [5:00:06<8:45:05, 52.33s/it]
 36%|███▌      | 338/939 [5:00:57<8:42:18, 52.14s/it]
 36%|███▌      | 339/939 [5:01:59<9:10:03, 55.01s/it]
 36%|███▌      | 340/939 [5:02:56<9:14:42, 55.56s/it]
 36%|███▋      | 341/939 [5:03:50<9:10:33, 55.24s/it]
 36%|███▋      | 342/939 [5:04:50<9:23:31, 56.64s/it]
 37%|███▋      | 343/939 [5:05:49<9:29:04, 57.29s/it]
 37%|███▋      | 344/939 [5:06:42<9:15:25, 56.01s/it]
 37%|███▋      | 345/939 [5:07:33<8:58:47, 54.42s/it]
 37%|███▋      | 346/939 [5:08:24<8:47:04, 53.33s/it]
 37%|███▋      | 347/939 [5:09:14<8:38:33, 52.56s/it]
 37%|███▋      | 348/939 [5:10:05<8:32:12, 52.00s/it]
 37%|███▋      | 349/939 [5:10:56<8:29:05, 51.77s/it]
 37%|███▋      | 350/939 [5:11:47<8:25:39, 51.51s/it]
                                                     

 37%|███▋      | 350/939 [5:11:47<8:25:39, 51.51s/it]
 37%|███▋      | 351/939 [5:12:38<8:22:52, 51.31s/it]
 37%|███▋      | 352/939 [5:13:29<8:20:16, 51.14s/it]
 38%|███▊      | 353/939 [5:14:20<8:18:33, 51.05s/it]
 38%|███▊      | 354/939 [5:15:10<8:16:50, 50.96s/it]
 38%|███▊      | 355/939 [5:16:02<8:18:13, 51.19s/it]
 38%|███▊      | 356/939 [5:16:53<8:16:12, 51.07s/it]
 38%|███▊      | 357/939 [5:17:44<8:15:20, 51.07s/it]
 38%|███▊      | 358/939 [5:18:35<8:13:51, 51.00s/it]
 38%|███▊      | 359/939 [5:19:26<8:14:06, 51.11s/it]
 38%|███▊      | 360/939 [5:20:17<8:12:24, 51.03s/it]
 38%|███▊      | 361/939 [5:21:08<8:10:50, 50.95s/it]
 39%|███▊      | 362/939 [5:21:59<8:09:37, 50.91s/it]
 39%|███▊      | 363/939 [5:22:50<8:09:17, 50.97s/it]
 39%|███▉      | 364/939 [5:23:45<8:20:07, 52.19s/it]
 39%|███▉      | 365/939 [5:24:36<8:15:13, 51.77s/it]
 39%|███▉      | 366/939 [5:25:26<8:11:30, 51.47s/it]
 39%|███▉      | 367/939 [5:26:20<8:16:18, 52.06s/it]
 39%|███▉      | 368/939 [5:27:12<8:15:49, 52.10s/it]
 39%|███▉      | 369/939 [5:28:10<8:32:19, 53.93s/it]
 39%|███▉      | 370/939 [5:29:03<8:27:49, 53.55s/it]
 40%|███▉      | 371/939 [5:29:58<8:32:18, 54.12s/it]
 40%|███▉      | 372/939 [5:30:50<8:25:59, 53.54s/it]
 40%|███▉      | 373/939 [5:31:43<8:21:13, 53.13s/it]
 40%|███▉      | 374/939 [5:32:35<8:19:10, 53.01s/it]
 40%|███▉      | 375/939 [5:33:26<8:11:54, 52.33s/it]
 40%|████      | 376/939 [5:34:17<8:06:29, 51.85s/it]
 40%|████      | 377/939 [5:35:12<8:14:03, 52.75s/it]
 40%|████      | 378/939 [5:36:03<8:08:40, 52.27s/it]
 40%|████      | 379/939 [5:37:01<8:24:28, 54.05s/it]
 40%|████      | 380/939 [5:37:54<8:20:04, 53.68s/it]
 41%|████      | 381/939 [5:38:47<8:18:55, 53.65s/it]
 41%|████      | 382/939 [5:39:40<8:15:14, 53.35s/it]
 41%|████      | 383/939 [5:40:37<8:24:55, 54.49s/it]
 41%|████      | 384/939 [5:41:33<8:26:28, 54.75s/it]
 41%|████      | 385/939 [5:42:25<8:17:57, 53.93s/it]
 41%|████      | 386/939 [5:43:18<8:16:36, 53.88s/it]
 41%|████      | 387/939 [5:44:16<8:25:39, 54.96s/it]
 41%|████▏     | 388/939 [5:45:07<8:13:57, 53.79s/it]
 41%|████▏     | 389/939 [5:46:01<8:14:42, 53.97s/it]
 42%|████▏     | 390/939 [5:46:52<8:05:15, 53.03s/it]
 42%|████▏     | 391/939 [5:47:43<7:58:24, 52.38s/it]
 42%|████▏     | 392/939 [5:48:34<7:53:30, 51.94s/it]
 42%|████▏     | 393/939 [5:49:25<7:50:27, 51.70s/it]
 42%|████▏     | 394/939 [5:50:16<7:48:36, 51.59s/it]
 42%|████▏     | 395/939 [5:51:08<7:48:36, 51.68s/it]
 42%|████▏     | 396/939 [5:51:59<7:46:23, 51.53s/it]
 42%|████▏     | 397/939 [5:52:50<7:43:43, 51.33s/it]
 42%|████▏     | 398/939 [5:53:41<7:41:42, 51.21s/it]
 42%|████▏     | 399/939 [5:54:32<7:39:58, 51.11s/it]
 43%|████▎     | 400/939 [5:55:27<7:50:21, 52.36s/it]
                                                     

 43%|████▎     | 400/939 [5:55:27<7:50:21, 52.36s/it]
 43%|████▎     | 401/939 [5:56:18<7:45:54, 51.96s/it]
 43%|████▎     | 402/939 [5:57:10<7:43:23, 51.78s/it]
 43%|████▎     | 403/939 [5:58:03<7:45:28, 52.11s/it]
 43%|████▎     | 404/939 [5:58:54<7:41:42, 51.78s/it]
 43%|████▎     | 405/939 [5:59:45<7:38:51, 51.56s/it]
 43%|████▎     | 406/939 [6:00:36<7:37:17, 51.48s/it]
 43%|████▎     | 407/939 [6:01:28<7:37:28, 51.59s/it]
 43%|████▎     | 408/939 [6:02:21<7:40:27, 52.03s/it]
 44%|████▎     | 409/939 [6:03:12<7:36:44, 51.71s/it]
 44%|████▎     | 410/939 [6:04:03<7:33:47, 51.47s/it]
 44%|████▍     | 411/939 [6:04:54<7:31:23, 51.29s/it]
 44%|████▍     | 412/939 [6:05:45<7:29:28, 51.17s/it]
 44%|████▍     | 413/939 [6:06:39<7:37:12, 52.15s/it]
 44%|████▍     | 414/939 [6:07:31<7:36:31, 52.17s/it]
 44%|████▍     | 415/939 [6:08:24<7:37:39, 52.40s/it]
 44%|████▍     | 416/939 [6:09:16<7:35:44, 52.28s/it]
 44%|████▍     | 417/939 [6:10:08<7:34:08, 52.20s/it]
 45%|████▍     | 418/939 [6:11:00<7:32:52, 52.15s/it]
 45%|████▍     | 419/939 [6:11:53<7:33:09, 52.29s/it]
 45%|████▍     | 420/939 [6:12:45<7:31:58, 52.25s/it]
 45%|████▍     | 421/939 [6:13:37<7:30:48, 52.22s/it]
 45%|████▍     | 422/939 [6:14:30<7:31:44, 52.43s/it]
 45%|████▌     | 423/939 [6:15:22<7:30:12, 52.35s/it]
 45%|████▌     | 424/939 [6:16:14<7:29:01, 52.31s/it]
 45%|████▌     | 425/939 [6:17:07<7:27:30, 52.24s/it]
 45%|████▌     | 426/939 [6:18:00<7:30:01, 52.63s/it]
 45%|████▌     | 427/939 [6:18:53<7:30:34, 52.80s/it]
 46%|████▌     | 428/939 [6:19:45<7:28:14, 52.63s/it]
 46%|████▌     | 429/939 [6:20:38<7:26:50, 52.57s/it]
 46%|████▌     | 430/939 [6:21:30<7:25:59, 52.57s/it]
 46%|████▌     | 431/939 [6:22:23<7:24:21, 52.48s/it]
 46%|████▌     | 432/939 [6:23:17<7:28:40, 53.10s/it]
 46%|████▌     | 433/939 [6:24:09<7:25:05, 52.78s/it]
 46%|████▌     | 434/939 [6:25:01<7:22:29, 52.57s/it]
 46%|████▋     | 435/939 [6:25:54<7:20:26, 52.43s/it]
 46%|████▋     | 436/939 [6:26:46<7:19:37, 52.44s/it]
 47%|████▋     | 437/939 [6:27:39<7:19:45, 52.56s/it]
 47%|████▋     | 438/939 [6:28:31<7:18:53, 52.56s/it]
 47%|████▋     | 439/939 [6:29:24<7:19:08, 52.70s/it]
 47%|████▋     | 440/939 [6:30:17<7:16:49, 52.52s/it]
 47%|████▋     | 441/939 [6:31:09<7:15:17, 52.44s/it]
 47%|████▋     | 442/939 [6:32:01<7:14:28, 52.45s/it]
 47%|████▋     | 443/939 [6:32:53<7:12:57, 52.37s/it]
 47%|████▋     | 444/939 [6:33:47<7:13:55, 52.60s/it]
 47%|████▋     | 445/939 [6:34:40<7:14:20, 52.75s/it]
 47%|████▋     | 446/939 [6:35:32<7:11:45, 52.55s/it]
 48%|████▊     | 447/939 [6:36:24<7:10:12, 52.46s/it]
 48%|████▊     | 448/939 [6:37:20<7:18:05, 53.53s/it]
 48%|████▊     | 449/939 [6:38:12<7:13:26, 53.07s/it]
 48%|████▊     | 450/939 [6:39:07<7:16:48, 53.60s/it]
                                                     

 48%|████▊     | 450/939 [6:39:07<7:16:48, 53.60s/it]
 48%|████▊     | 451/939 [6:39:59<7:12:34, 53.19s/it]
 48%|████▊     | 452/939 [6:40:51<7:09:24, 52.90s/it]
 48%|████▊     | 453/939 [6:41:43<7:06:36, 52.67s/it]
 48%|████▊     | 454/939 [6:42:36<7:04:48, 52.55s/it]
 48%|████▊     | 455/939 [6:43:29<7:06:22, 52.86s/it]
 49%|████▊     | 456/939 [6:44:24<7:10:41, 53.50s/it]
 49%|████▊     | 457/939 [6:45:16<7:06:27, 53.09s/it]
 49%|████▉     | 458/939 [6:46:09<7:03:19, 52.81s/it]
 49%|████▉     | 459/939 [6:47:01<7:00:46, 52.60s/it]
 49%|████▉     | 460/939 [6:47:53<6:59:44, 52.58s/it]
 49%|████▉     | 461/939 [6:48:48<7:03:06, 53.11s/it]
 49%|████▉     | 462/939 [6:49:40<6:59:56, 52.82s/it]
 49%|████▉     | 463/939 [6:50:32<6:57:30, 52.63s/it]
 49%|████▉     | 464/939 [6:51:24<6:55:26, 52.48s/it]
 50%|████▉     | 465/939 [6:52:16<6:53:41, 52.37s/it]
 50%|████▉     | 466/939 [6:53:08<6:52:14, 52.29s/it]
 50%|████▉     | 467/939 [6:54:00<6:50:47, 52.22s/it]
 50%|████▉     | 468/939 [6:54:53<6:49:53, 52.22s/it]
 50%|████▉     | 469/939 [6:55:45<6:49:40, 52.30s/it]
 50%|█████     | 470/939 [6:56:38<6:49:44, 52.42s/it]
 50%|█████     | 471/939 [6:57:30<6:49:18, 52.48s/it]
 50%|█████     | 472/939 [6:58:22<6:47:36, 52.37s/it]
 50%|█████     | 473/939 [6:59:15<6:47:06, 52.42s/it]
 50%|█████     | 474/939 [7:00:07<6:45:57, 52.38s/it]
 51%|█████     | 475/939 [7:00:59<6:44:31, 52.31s/it]
 51%|█████     | 476/939 [7:01:52<6:43:17, 52.26s/it]
 51%|█████     | 477/939 [7:02:44<6:43:40, 52.43s/it]
 51%|█████     | 478/939 [7:03:37<6:42:37, 52.40s/it]
 51%|█████     | 479/939 [7:04:29<6:41:41, 52.40s/it]
 51%|█████     | 480/939 [7:05:22<6:41:10, 52.44s/it]
 51%|█████     | 481/939 [7:06:15<6:41:17, 52.57s/it]
 51%|█████▏    | 482/939 [7:07:07<6:40:30, 52.58s/it]
 51%|█████▏    | 483/939 [7:08:00<6:39:26, 52.56s/it]
 52%|█████▏    | 484/939 [7:08:52<6:38:18, 52.52s/it]
 52%|█████▏    | 485/939 [7:09:44<6:37:07, 52.48s/it]
 52%|█████▏    | 486/939 [7:10:37<6:36:14, 52.48s/it]
 52%|█████▏    | 487/939 [7:11:31<6:39:11, 52.99s/it]
 52%|█████▏    | 488/939 [7:12:23<6:36:20, 52.73s/it]
 52%|█████▏    | 489/939 [7:13:15<6:34:12, 52.56s/it]
 52%|█████▏    | 490/939 [7:14:08<6:32:22, 52.43s/it]
 52%|█████▏    | 491/939 [7:15:00<6:30:56, 52.36s/it]
 52%|█████▏    | 492/939 [7:15:52<6:30:03, 52.36s/it]
 53%|█████▎    | 493/939 [7:16:44<6:28:41, 52.29s/it]
 53%|█████▎    | 494/939 [7:17:36<6:27:17, 52.22s/it]
 53%|█████▎    | 495/939 [7:18:29<6:26:42, 52.26s/it]
 53%|█████▎    | 496/939 [7:19:21<6:26:01, 52.28s/it]
 53%|█████▎    | 497/939 [7:20:13<6:24:57, 52.26s/it]
 53%|█████▎    | 498/939 [7:21:10<6:34:03, 53.61s/it]
 53%|█████▎    | 499/939 [7:22:05<6:35:24, 53.92s/it]
 53%|█████▎    | 500/939 [7:22:57<6:31:51, 53.56s/it]
                                                     

 53%|█████▎    | 500/939 [7:22:57<6:31:51, 53.56s/it]{'eval_loss': '1.713', 'eval_runtime': '463.5', 'eval_samples_per_second': '2.157', 'eval_steps_per_second': '0.539', 'eval_entropy': '1.724', 'eval_num_tokens': '2.048e+06', 'eval_mean_token_accuracy': '0.6826', 'epoch': '0.8'}
{'loss': '1.677', 'grad_norm': '0.1141', 'learning_rate': '0.0001631', 'entropy': '1.726', 'num_tokens': '2.458e+06', 'mean_token_accuracy': '0.6887', 'epoch': '0.96'}
{'loss': '1.413', 'grad_norm': '0.1318', 'learning_rate': '0.0001486', 'entropy': '1.491', 'num_tokens': '2.863e+06', 'mean_token_accuracy': '0.7351', 'epoch': '1.118'}
{'loss': '1.301', 'grad_norm': '0.1276', 'learning_rate': '0.0001325', 'entropy': '1.38', 'num_tokens': '3.273e+06', 'mean_token_accuracy': '0.7549', 'epoch': '1.278'}
{'loss': '1.17', 'grad_norm': '0.1384', 'learning_rate': '0.0001154', 'entropy': '1.256', 'num_tokens': '3.682e+06', 'mean_token_accuracy': '0.7803', 'epoch': '1.438'}
{'loss': '1.084', 'grad_norm': '0.1323', 'learning_rate': '9.789e-05', 'entropy': '1.17', 'num_tokens': '4.092e+06', 'mean_token_accuracy': '0.7964', 'epoch': '1.598'}


  0%|          | 0/250 [00:00<?, ?it/s][A

  1%|          | 2/250 [00:01<03:49,  1.08it/s][A

  1%|          | 3/250 [00:03<05:26,  1.32s/it][A

  2%|▏         | 4/250 [00:05<06:14,  1.52s/it][A

  2%|▏         | 5/250 [00:07<06:40,  1.63s/it][A

  2%|▏         | 6/250 [00:09<06:57,  1.71s/it][A

  3%|▎         | 7/250 [00:11<07:06,  1.76s/it][A

  3%|▎         | 8/250 [00:13<07:13,  1.79s/it][A

  4%|▎         | 9/250 [00:14<07:16,  1.81s/it][A

  4%|▍         | 10/250 [00:16<07:17,  1.82s/it][A

  4%|▍         | 11/250 [00:18<07:17,  1.83s/it][A

  5%|▍         | 12/250 [00:20<07:17,  1.84s/it][A

  5%|▌         | 13/250 [00:22<07:16,  1.84s/it][A

  6%|▌         | 14/250 [00:24<07:15,  1.84s/it][A

  6%|▌         | 15/250 [00:25<07:13,  1.85s/it][A

  6%|▋         | 16/250 [00:27<07:13,  1.85s/it][A

  7%|▋         | 17/250 [00:29<07:11,  1.85s/it][A

  7%|▋         | 18/250 [00:31<07:09,  1.85s/it][A

  8%|▊         | 19/250 [00:33<07:08,  1.85s/it][A

  8%|▊         | 20/250 [00:35<07:06,  1.85s/it][A

  8%|▊         | 21/250 [00:37<07:05,  1.86s/it][A

  9%|▉         | 22/250 [00:38<07:03,  1.86s/it][A

  9%|▉         | 23/250 [00:40<07:01,  1.86s/it][A

 10%|▉         | 24/250 [00:42<06:59,  1.86s/it][A

 10%|█         | 25/250 [00:44<06:57,  1.86s/it][A

 10%|█         | 26/250 [00:46<06:57,  1.86s/it][A

 11%|█         | 27/250 [00:48<06:54,  1.86s/it][A

 11%|█         | 28/250 [00:50<06:53,  1.86s/it][A

 12%|█▏        | 29/250 [00:51<06:51,  1.86s/it][A

 12%|█▏        | 30/250 [00:53<06:48,  1.86s/it][A

 12%|█▏        | 31/250 [00:55<06:48,  1.86s/it][A

 13%|█▎        | 32/250 [00:57<06:45,  1.86s/it][A

 13%|█▎        | 33/250 [00:59<06:43,  1.86s/it][A

 14%|█▎        | 34/250 [01:01<06:41,  1.86s/it][A

 14%|█▍        | 35/250 [01:03<06:39,  1.86s/it][A

 14%|█▍        | 36/250 [01:05<06:38,  1.86s/it][A

 15%|█▍        | 37/250 [01:06<06:36,  1.86s/it][A

 15%|█▌        | 38/250 [01:08<06:34,  1.86s/it][A

 16%|█▌        | 39/250 [01:10<06:32,  1.86s/it][A

 16%|█▌        | 40/250 [01:12<06:30,  1.86s/it][A

 16%|█▋        | 41/250 [01:14<06:29,  1.87s/it][A

 17%|█▋        | 42/250 [01:16<06:27,  1.86s/it][A

 17%|█▋        | 43/250 [01:18<06:25,  1.86s/it][A

 18%|█▊        | 44/250 [01:19<06:22,  1.86s/it][A

 18%|█▊        | 45/250 [01:21<06:20,  1.86s/it][A

 18%|█▊        | 46/250 [01:23<06:20,  1.86s/it][A

 19%|█▉        | 47/250 [01:25<06:17,  1.86s/it][A

 19%|█▉        | 48/250 [01:27<06:15,  1.86s/it][A

 20%|█▉        | 49/250 [01:29<06:13,  1.86s/it][A

 20%|██        | 50/250 [01:31<06:11,  1.86s/it][A

 20%|██        | 51/250 [01:32<06:11,  1.86s/it][A

 21%|██        | 52/250 [01:34<06:08,  1.86s/it][A

 21%|██        | 53/250 [01:36<06:06,  1.86s/it][A

 22%|██▏       | 54/250 [01:38<06:04,  1.86s/it][A

 22%|██▏       | 55/250 [01:40<06:02,  1.86s/it][A

 22%|██▏       | 56/250 [01:42<06:01,  1.86s/it][A

 23%|██▎       | 57/250 [01:44<05:58,  1.86s/it][A

 23%|██▎       | 58/250 [01:45<05:56,  1.86s/it][A

 24%|██▎       | 59/250 [01:47<05:54,  1.86s/it][A

 24%|██▍       | 60/250 [01:49<05:52,  1.86s/it][A

 24%|██▍       | 61/250 [01:51<05:51,  1.86s/it][A

 25%|██▍       | 62/250 [01:53<05:49,  1.86s/it][A

 25%|██▌       | 63/250 [01:55<05:47,  1.86s/it][A

 26%|██▌       | 64/250 [01:57<05:45,  1.86s/it][A

 26%|██▌       | 65/250 [01:58<05:43,  1.86s/it][A

 26%|██▋       | 66/250 [02:00<05:42,  1.86s/it][A

 27%|██▋       | 67/250 [02:02<05:40,  1.86s/it][A

 27%|██▋       | 68/250 [02:04<05:38,  1.86s/it][A

 28%|██▊       | 69/250 [02:06<05:36,  1.86s/it][A

 28%|██▊       | 70/250 [02:08<05:34,  1.86s/it][A

 28%|██▊       | 71/250 [02:10<05:33,  1.86s/it][A

 29%|██▉       | 72/250 [02:11<05:31,  1.86s/it][A

 29%|██▉       | 73/250 [02:13<05:29,  1.86s/it][A

 30%|██▉       | 74/250 [02:15<05:27,  1.86s/it][A

 30%|███       | 75/250 [02:17<05:25,  1.86s/it][A

 30%|███       | 76/250 [02:19<05:24,  1.87s/it][A

 31%|███       | 77/250 [02:21<05:21,  1.86s/it][A

 31%|███       | 78/250 [02:23<05:19,  1.86s/it][A

 32%|███▏      | 79/250 [02:24<05:17,  1.86s/it][A

 32%|███▏      | 80/250 [02:26<05:15,  1.86s/it][A

 32%|███▏      | 81/250 [02:28<05:15,  1.87s/it][A

 33%|███▎      | 82/250 [02:30<05:12,  1.86s/it][A

 33%|███▎      | 83/250 [02:32<05:10,  1.86s/it][A

 34%|███▎      | 84/250 [02:34<05:08,  1.86s/it][A

 34%|███▍      | 85/250 [02:36<05:06,  1.86s/it][A

 34%|███▍      | 86/250 [02:38<05:05,  1.86s/it][A

 35%|███▍      | 87/250 [02:39<05:03,  1.86s/it][A

 35%|███▌      | 88/250 [02:41<05:01,  1.86s/it][A

 36%|███▌      | 89/250 [02:43<04:58,  1.86s/it][A

 36%|███▌      | 90/250 [02:45<04:56,  1.85s/it][A

 36%|███▋      | 91/250 [02:47<04:54,  1.85s/it][A

 37%|███▋      | 92/250 [02:49<04:52,  1.85s/it][A

 37%|███▋      | 93/250 [02:50<04:50,  1.85s/it][A

 38%|███▊      | 94/250 [02:52<04:50,  1.86s/it][A

 38%|███▊      | 95/250 [02:54<04:47,  1.86s/it][A

 38%|███▊      | 96/250 [02:56<04:45,  1.85s/it][A

 39%|███▉      | 97/250 [02:58<04:43,  1.85s/it][A

 39%|███▉      | 98/250 [03:00<04:41,  1.85s/it][A

 40%|███▉      | 99/250 [03:02<04:40,  1.86s/it][A

 40%|████      | 100/250 [03:03<04:38,  1.86s/it][A

 40%|████      | 101/250 [03:05<04:36,  1.86s/it][A

 41%|████      | 102/250 [03:07<04:34,  1.86s/it][A

 41%|████      | 103/250 [03:09<04:32,  1.86s/it][A

 42%|████▏     | 104/250 [03:11<04:31,  1.86s/it][A

 42%|████▏     | 105/250 [03:13<04:29,  1.86s/it][A

 42%|████▏     | 106/250 [03:15<04:28,  1.86s/it][A

 43%|████▎     | 107/250 [03:16<04:25,  1.86s/it][A

 43%|████▎     | 108/250 [03:18<04:23,  1.86s/it][A

 44%|████▎     | 109/250 [03:20<04:22,  1.86s/it][A

 44%|████▍     | 110/250 [03:22<04:20,  1.86s/it][A

 44%|████▍     | 111/250 [03:24<04:18,  1.86s/it][A

 45%|████▍     | 112/250 [03:26<04:16,  1.86s/it][A

 45%|████▌     | 113/250 [03:28<04:14,  1.86s/it][A

 46%|████▌     | 114/250 [03:30<04:13,  1.86s/it][A

 46%|████▌     | 115/250 [03:31<04:10,  1.86s/it][A

 46%|████▋     | 116/250 [03:33<04:09,  1.86s/it][A

 47%|████▋     | 117/250 [03:35<04:07,  1.86s/it][A

 47%|████▋     | 118/250 [03:37<04:05,  1.86s/it][A

 48%|████▊     | 119/250 [03:39<04:03,  1.86s/it][A

 48%|████▊     | 120/250 [03:41<04:01,  1.86s/it][A

 48%|████▊     | 121/250 [03:43<04:00,  1.86s/it][A

 49%|████▉     | 122/250 [03:44<03:58,  1.86s/it][A

 49%|████▉     | 123/250 [03:46<03:55,  1.86s/it][A

 50%|████▉     | 124/250 [03:48<03:54,  1.86s/it][A

 50%|█████     | 125/250 [03:50<03:52,  1.86s/it][A

 50%|█████     | 126/250 [03:52<03:50,  1.86s/it][A

 51%|█████     | 127/250 [03:54<03:48,  1.86s/it][A

 51%|█████     | 128/250 [03:56<03:46,  1.86s/it][A

 52%|█████▏    | 129/250 [03:57<03:45,  1.86s/it][A

 52%|█████▏    | 130/250 [03:59<03:42,  1.86s/it][A

 52%|█████▏    | 131/250 [04:01<03:41,  1.86s/it][A

 53%|█████▎    | 132/250 [04:03<03:39,  1.86s/it][A

 53%|█████▎    | 133/250 [04:05<03:37,  1.86s/it][A

 54%|█████▎    | 134/250 [04:07<03:35,  1.86s/it][A

 54%|█████▍    | 135/250 [04:09<03:33,  1.86s/it][A

 54%|█████▍    | 136/250 [04:10<03:31,  1.86s/it][A

 55%|█████▍    | 137/250 [04:12<03:29,  1.86s/it][A

 55%|█████▌    | 138/250 [04:14<03:28,  1.86s/it][A

 56%|█████▌    | 139/250 [04:16<03:26,  1.86s/it][A

 56%|█████▌    | 140/250 [04:18<03:25,  1.87s/it][A

 56%|█████▋    | 141/250 [04:20<03:30,  1.93s/it][A

 57%|█████▋    | 142/250 [04:22<03:25,  1.91s/it][A

 57%|█████▋    | 143/250 [04:24<03:22,  1.89s/it][A

 58%|█████▊    | 144/250 [04:26<03:19,  1.88s/it][A

 58%|█████▊    | 145/250 [04:27<03:16,  1.87s/it][A

 58%|█████▊    | 146/250 [04:29<03:13,  1.86s/it][A

 59%|█████▉    | 147/250 [04:31<03:12,  1.87s/it][A

 59%|█████▉    | 148/250 [04:33<03:10,  1.86s/it][A

 60%|█████▉    | 149/250 [04:35<03:07,  1.86s/it][A

 60%|██████    | 150/250 [04:37<03:05,  1.86s/it][A

 60%|██████    | 151/250 [04:39<03:03,  1.86s/it][A

 61%|██████    | 152/250 [04:40<03:02,  1.86s/it][A

 61%|██████    | 153/250 [04:42<03:00,  1.86s/it][A

 62%|██████▏   | 154/250 [04:44<02:58,  1.86s/it][A

 62%|██████▏   | 155/250 [04:46<02:56,  1.86s/it][A

 62%|██████▏   | 156/250 [04:48<02:54,  1.86s/it][A

 63%|██████▎   | 157/250 [04:50<02:53,  1.86s/it][A

 63%|██████▎   | 158/250 [04:52<02:50,  1.86s/it][A

 64%|██████▎   | 159/250 [04:53<02:49,  1.86s/it][A

 64%|██████▍   | 160/250 [04:55<02:47,  1.86s/it][A

 64%|██████▍   | 161/250 [04:57<02:45,  1.85s/it][A

 65%|██████▍   | 162/250 [04:59<02:43,  1.85s/it][A

 65%|██████▌   | 163/250 [05:01<02:41,  1.85s/it][A

 66%|██████▌   | 164/250 [05:03<02:39,  1.85s/it][A

 66%|██████▌   | 165/250 [05:04<02:37,  1.85s/it][A

 66%|██████▋   | 166/250 [05:06<02:35,  1.85s/it][A

 67%|██████▋   | 167/250 [05:08<02:34,  1.86s/it][A

 67%|██████▋   | 168/250 [05:10<02:32,  1.86s/it][A

 68%|██████▊   | 169/250 [05:12<02:30,  1.86s/it][A

 68%|██████▊   | 170/250 [05:14<02:29,  1.86s/it][A

 68%|██████▊   | 171/250 [05:16<02:26,  1.86s/it][A

 69%|██████▉   | 172/250 [05:18<02:24,  1.86s/it][A

 69%|██████▉   | 173/250 [05:19<02:22,  1.86s/it][A

 70%|██████▉   | 174/250 [05:21<02:20,  1.85s/it][A

 70%|███████   | 175/250 [05:23<02:19,  1.85s/it][A

 70%|███████   | 176/250 [05:25<02:17,  1.85s/it][A

 71%|███████   | 177/250 [05:27<02:15,  1.85s/it][A

 71%|███████   | 178/250 [05:29<02:13,  1.86s/it][A

 72%|███████▏  | 179/250 [05:30<02:11,  1.86s/it][A

 72%|███████▏  | 180/250 [05:32<02:09,  1.85s/it][A

 72%|███████▏  | 181/250 [05:34<02:07,  1.85s/it][A

 73%|███████▎  | 182/250 [05:36<02:05,  1.85s/it][A

 73%|███████▎  | 183/250 [05:38<02:04,  1.86s/it][A

 74%|███████▎  | 184/250 [05:40<02:02,  1.85s/it][A

 74%|███████▍  | 185/250 [05:42<02:00,  1.86s/it][A

 74%|███████▍  | 186/250 [05:43<01:58,  1.86s/it][A

 75%|███████▍  | 187/250 [05:45<01:56,  1.85s/it][A

 75%|███████▌  | 188/250 [05:47<01:54,  1.85s/it][A

 76%|███████▌  | 189/250 [05:49<01:52,  1.85s/it][A

 76%|███████▌  | 190/250 [05:51<01:51,  1.85s/it][A

 76%|███████▋  | 191/250 [05:53<01:49,  1.86s/it][A

 77%|███████▋  | 192/250 [05:55<01:47,  1.85s/it][A

 77%|███████▋  | 193/250 [05:56<01:46,  1.86s/it][A

 78%|███████▊  | 194/250 [05:58<01:44,  1.86s/it][A

 78%|███████▊  | 195/250 [06:00<01:42,  1.86s/it][A

 78%|███████▊  | 196/250 [06:02<01:40,  1.86s/it][A

 79%|███████▉  | 197/250 [06:04<01:38,  1.86s/it][A

 79%|███████▉  | 198/250 [06:06<01:36,  1.86s/it][A

 80%|███████▉  | 199/250 [06:08<01:34,  1.86s/it][A

 80%|████████  | 200/250 [06:09<01:32,  1.86s/it][A

 80%|████████  | 201/250 [06:11<01:30,  1.85s/it][A

 81%|████████  | 202/250 [06:13<01:28,  1.85s/it][A

 81%|████████  | 203/250 [06:15<01:27,  1.85s/it][A

 82%|████████▏ | 204/250 [06:17<01:25,  1.86s/it][A

 82%|████████▏ | 205/250 [06:19<01:23,  1.86s/it][A

 82%|████████▏ | 206/250 [06:21<01:22,  1.87s/it][A

 83%|████████▎ | 207/250 [06:22<01:20,  1.86s/it][A

 83%|████████▎ | 208/250 [06:24<01:18,  1.86s/it][A

 84%|████████▎ | 209/250 [06:26<01:16,  1.86s/it][A

 84%|████████▍ | 210/250 [06:28<01:14,  1.85s/it][A

 84%|████████▍ | 211/250 [06:30<01:12,  1.85s/it][A

 85%|████████▍ | 212/250 [06:32<01:10,  1.85s/it][A

 85%|████████▌ | 213/250 [06:34<01:08,  1.85s/it][A

 86%|████████▌ | 214/250 [06:35<01:06,  1.86s/it][A

 86%|████████▌ | 215/250 [06:37<01:04,  1.86s/it][A

 86%|████████▋ | 216/250 [06:39<01:03,  1.86s/it][A

 87%|████████▋ | 217/250 [06:41<01:01,  1.85s/it][A

 87%|████████▋ | 218/250 [06:43<00:59,  1.85s/it][A

 88%|████████▊ | 219/250 [06:45<00:57,  1.85s/it][A

 88%|████████▊ | 220/250 [06:47<00:55,  1.85s/it][A

 88%|████████▊ | 221/250 [06:48<00:53,  1.85s/it][A

 89%|████████▉ | 222/250 [06:50<00:51,  1.86s/it][A

 89%|████████▉ | 223/250 [06:52<00:50,  1.85s/it][A

 90%|████████▉ | 224/250 [06:54<00:48,  1.86s/it][A

 90%|█████████ | 225/250 [06:56<00:46,  1.86s/it][A

 90%|█████████ | 226/250 [06:58<00:44,  1.86s/it][A

 91%|█████████ | 227/250 [07:00<00:42,  1.86s/it][A

 91%|█████████ | 228/250 [07:01<00:40,  1.85s/it][A

 92%|█████████▏| 229/250 [07:03<00:39,  1.86s/it][A

 92%|█████████▏| 230/250 [07:05<00:37,  1.86s/it][A

 92%|█████████▏| 231/250 [07:07<00:35,  1.85s/it][A

 93%|█████████▎| 232/250 [07:09<00:33,  1.86s/it][A

 93%|█████████▎| 233/250 [07:11<00:31,  1.86s/it][A

 94%|█████████▎| 234/250 [07:13<00:29,  1.86s/it][A

 94%|█████████▍| 235/250 [07:14<00:27,  1.86s/it][A

 94%|█████████▍| 236/250 [07:16<00:25,  1.85s/it][A

 95%|█████████▍| 237/250 [07:18<00:24,  1.85s/it][A

 95%|█████████▌| 238/250 [07:20<00:22,  1.85s/it][A

 96%|█████████▌| 239/250 [07:22<00:20,  1.85s/it][A

 96%|█████████▌| 240/250 [07:24<00:18,  1.86s/it][A

 96%|█████████▋| 241/250 [07:26<00:16,  1.85s/it][A

 97%|█████████▋| 242/250 [07:27<00:14,  1.86s/it][A

 97%|█████████▋| 243/250 [07:29<00:13,  1.86s/it][A

 98%|█████████▊| 244/250 [07:31<00:11,  1.86s/it][A

 98%|█████████▊| 245/250 [07:33<00:09,  1.86s/it][A

 98%|█████████▊| 246/250 [07:35<00:07,  1.86s/it][A

 99%|█████████▉| 247/250 [07:37<00:05,  1.86s/it][A

 99%|█████████▉| 248/250 [07:39<00:03,  1.86s/it][A

100%|█████████▉| 249/250 [07:40<00:01,  1.86s/it][A

100%|██████████| 250/250 [07:42<00:00,  1.86s/it][A
                                                     

                                                 
[A
 53%|█████▎    | 500/939 [7:30:42<6:31:51, 53.56s/it]

100%|██████████| 250/250 [07:42<00:00,  1.86s/it][A

                                                 [A
 53%|█████▎    | 501/939 [7:31:39<23:36:38, 194.06s/it]
 53%|█████▎    | 502/939 [7:32:31<18:22:58, 151.44s/it]
 54%|█████▎    | 503/939 [7:33:25<14:48:34, 122.28s/it]
 54%|█████▎    | 504/939 [7:34:18<12:14:58, 101.38s/it]
 54%|█████▍    | 505/939 [7:35:10<10:26:01, 86.55s/it] 
 54%|█████▍    | 506/939 [7:36:02<9:09:44, 76.18s/it] 
 54%|█████▍    | 507/939 [7:36:57<8:22:08, 69.74s/it]
 54%|█████▍    | 508/939 [7:37:49<7:43:01, 64.46s/it]
 54%|█████▍    | 509/939 [7:38:41<7:15:14, 60.73s/it]
 54%|█████▍    | 510/939 [7:39:33<6:55:46, 58.15s/it]
 54%|█████▍    | 511/939 [7:40:25<6:42:01, 56.36s/it]
 55%|█████▍    | 512/939 [7:41:17<6:32:02, 55.09s/it]
 55%|█████▍    | 513/939 [7:42:09<6:24:49, 54.20s/it]
 55%|█████▍    | 514/939 [7:43:02<6:19:44, 53.61s/it]
 55%|█████▍    | 515/939 [7:43:54<6:15:39, 53.16s/it]
 55%|█████▍    | 516/939 [7:44:46<6:12:35, 52.85s/it]
 55%|█████▌    | 517/939 [7:45:38<6:10:02, 52.61s/it]
 55%|█████▌    | 518/939 [7:46:30<6:08:13, 52.48s/it]
 55%|█████▌    | 519/939 [7:47:22<6:06:57, 52.42s/it]
 55%|█████▌    | 520/939 [7:48:15<6:05:46, 52.38s/it]
 55%|█████▌    | 521/939 [7:49:08<6:07:52, 52.81s/it]
 56%|█████▌    | 522/939 [7:50:01<6:06:13, 52.69s/it]
 56%|█████▌    | 523/939 [7:50:53<6:04:20, 52.55s/it]
 56%|█████▌    | 524/939 [7:51:45<6:03:05, 52.50s/it]
 56%|█████▌    | 525/939 [7:52:38<6:01:26, 52.38s/it]
 56%|█████▌    | 526/939 [7:53:30<6:00:58, 52.44s/it]
 56%|█████▌    | 527/939 [7:54:23<6:00:07, 52.45s/it]
 56%|█████▌    | 528/939 [7:55:15<5:58:33, 52.35s/it]
 56%|█████▋    | 529/939 [7:56:07<5:57:46, 52.36s/it]
 56%|█████▋    | 530/939 [7:57:00<5:58:37, 52.61s/it]
 57%|█████▋    | 531/939 [7:57:54<6:00:38, 53.03s/it]
 57%|█████▋    | 532/939 [7:58:47<5:58:28, 52.85s/it]
 57%|█████▋    | 533/939 [7:59:39<5:57:15, 52.80s/it]
 57%|█████▋    | 534/939 [8:00:32<5:55:10, 52.62s/it]
 57%|█████▋    | 535/939 [8:01:30<6:06:55, 54.49s/it]
 57%|█████▋    | 536/939 [8:02:21<5:58:40, 53.40s/it]
 57%|█████▋    | 537/939 [8:03:12<5:52:11, 52.57s/it]
 57%|█████▋    | 538/939 [8:04:03<5:47:22, 51.98s/it]
 57%|█████▋    | 539/939 [8:04:53<5:43:51, 51.58s/it]
 58%|█████▊    | 540/939 [8:05:44<5:41:07, 51.30s/it]
 58%|█████▊    | 541/939 [8:06:35<5:39:29, 51.18s/it]
 58%|█████▊    | 542/939 [8:07:25<5:37:47, 51.05s/it]
 58%|█████▊    | 543/939 [8:08:16<5:36:24, 50.97s/it]
 58%|█████▊    | 544/939 [8:09:07<5:35:11, 50.91s/it]
 58%|█████▊    | 545/939 [8:09:58<5:34:05, 50.88s/it]
 58%|█████▊    | 546/939 [8:10:49<5:33:03, 50.85s/it]
 58%|█████▊    | 547/939 [8:11:40<5:32:21, 50.87s/it]
 58%|█████▊    | 548/939 [8:12:30<5:31:21, 50.85s/it]
 58%|█████▊    | 549/939 [8:13:21<5:30:26, 50.84s/it]
 59%|█████▊    | 550/939 [8:14:12<5:29:31, 50.83s/it]
                                                     

 59%|█████▊    | 550/939 [8:14:12<5:29:31, 50.83s/it]
 59%|█████▊    | 551/939 [8:15:03<5:28:33, 50.81s/it]
 59%|█████▉    | 552/939 [8:15:54<5:27:41, 50.81s/it]
 59%|█████▉    | 553/939 [8:16:44<5:26:48, 50.80s/it]
 59%|█████▉    | 554/939 [8:17:35<5:25:55, 50.79s/it]
 59%|█████▉    | 555/939 [8:18:26<5:25:00, 50.78s/it]
 59%|█████▉    | 556/939 [8:19:17<5:24:08, 50.78s/it]
 59%|█████▉    | 557/939 [8:20:07<5:23:12, 50.77s/it]
 59%|█████▉    | 558/939 [8:20:58<5:22:23, 50.77s/it]
 60%|█████▉    | 559/939 [8:21:50<5:23:59, 51.16s/it]
 60%|█████▉    | 560/939 [8:22:42<5:24:50, 51.43s/it]
 60%|█████▉    | 561/939 [8:23:34<5:25:07, 51.61s/it]
 60%|█████▉    | 562/939 [8:24:26<5:25:04, 51.74s/it]
 60%|█████▉    | 563/939 [8:25:18<5:24:41, 51.81s/it]
 60%|██████    | 564/939 [8:26:10<5:24:16, 51.88s/it]
 60%|██████    | 565/939 [8:27:03<5:24:09, 52.00s/it]
 60%|██████    | 566/939 [8:27:55<5:23:18, 52.01s/it]
 60%|██████    | 567/939 [8:28:47<5:22:29, 52.01s/it]
 60%|██████    | 568/939 [8:29:39<5:21:28, 51.99s/it]
 61%|██████    | 569/939 [8:30:31<5:20:25, 51.96s/it]
 61%|██████    | 570/939 [8:31:23<5:19:35, 51.97s/it]
 61%|██████    | 571/939 [8:32:14<5:18:44, 51.97s/it]
 61%|██████    | 572/939 [8:33:06<5:17:45, 51.95s/it]
 61%|██████    | 573/939 [8:33:58<5:16:53, 51.95s/it]
 61%|██████    | 574/939 [8:34:50<5:16:04, 51.96s/it]
 61%|██████    | 575/939 [8:35:42<5:15:15, 51.97s/it]
 61%|██████▏   | 576/939 [8:36:34<5:14:29, 51.98s/it]
 61%|██████▏   | 577/939 [8:37:26<5:13:37, 51.98s/it]
 62%|██████▏   | 578/939 [8:38:18<5:12:43, 51.98s/it]
 62%|██████▏   | 579/939 [8:39:10<5:11:52, 51.98s/it]
 62%|██████▏   | 580/939 [8:40:02<5:10:53, 51.96s/it]
 62%|██████▏   | 581/939 [8:40:54<5:09:59, 51.96s/it]
 62%|██████▏   | 582/939 [8:41:46<5:09:01, 51.94s/it]
 62%|██████▏   | 583/939 [8:42:38<5:08:13, 51.95s/it]
 62%|██████▏   | 584/939 [8:43:30<5:07:27, 51.97s/it]
 62%|██████▏   | 585/939 [8:44:22<5:06:31, 51.95s/it]
 62%|██████▏   | 586/939 [8:45:14<5:05:42, 51.96s/it]
 63%|██████▎   | 587/939 [8:46:06<5:04:52, 51.97s/it]
 63%|██████▎   | 588/939 [8:46:58<5:04:02, 51.97s/it]
 63%|██████▎   | 589/939 [8:47:50<5:03:09, 51.97s/it]
 63%|██████▎   | 590/939 [8:48:42<5:02:27, 52.00s/it]
 63%|██████▎   | 591/939 [8:49:34<5:01:29, 51.98s/it]
 63%|██████▎   | 592/939 [8:50:26<5:00:29, 51.96s/it]
 63%|██████▎   | 593/939 [8:51:18<4:59:34, 51.95s/it]
 63%|██████▎   | 594/939 [8:52:10<4:58:37, 51.94s/it]
 63%|██████▎   | 595/939 [8:53:01<4:57:37, 51.91s/it]
 63%|██████▎   | 596/939 [8:53:53<4:56:48, 51.92s/it]
 64%|██████▎   | 597/939 [8:54:45<4:55:55, 51.92s/it]
 64%|██████▎   | 598/939 [8:55:37<4:54:59, 51.90s/it]
 64%|██████▍   | 599/939 [8:56:29<4:54:04, 51.90s/it]
 64%|██████▍   | 600/939 [8:57:21<4:53:14, 51.90s/it]
                                                     

 64%|██████▍   | 600/939 [8:57:21<4:53:14, 51.90s/it]
 64%|██████▍   | 601/939 [8:58:13<4:52:25, 51.91s/it]
 64%|██████▍   | 602/939 [8:59:05<4:51:32, 51.91s/it]
 64%|██████▍   | 603/939 [8:59:57<4:50:38, 51.90s/it]
 64%|██████▍   | 604/939 [9:00:49<4:49:49, 51.91s/it]
 64%|██████▍   | 605/939 [9:01:41<4:49:03, 51.93s/it]
 65%|██████▍   | 606/939 [9:02:33<4:48:26, 51.97s/it]
 65%|██████▍   | 607/939 [9:03:25<4:47:28, 51.95s/it]
 65%|██████▍   | 608/939 [9:04:16<4:46:30, 51.94s/it]
 65%|██████▍   | 609/939 [9:05:08<4:45:48, 51.97s/it]
 65%|██████▍   | 610/939 [9:06:00<4:44:42, 51.92s/it]
 65%|██████▌   | 611/939 [9:06:52<4:43:55, 51.94s/it]
 65%|██████▌   | 612/939 [9:07:44<4:43:26, 52.01s/it]
 65%|██████▌   | 613/939 [9:08:37<4:42:58, 52.08s/it]
 65%|██████▌   | 614/939 [9:09:29<4:42:06, 52.08s/it]
 65%|██████▌   | 615/939 [9:10:21<4:41:13, 52.08s/it]
 66%|██████▌   | 616/939 [9:11:13<4:39:59, 52.01s/it]
 66%|██████▌   | 617/939 [9:12:05<4:38:51, 51.96s/it]
 66%|██████▌   | 618/939 [9:12:56<4:37:58, 51.96s/it]
 66%|██████▌   | 619/939 [9:13:48<4:37:03, 51.95s/it]
 66%|██████▌   | 620/939 [9:14:40<4:36:09, 51.94s/it]
 66%|██████▌   | 621/939 [9:15:32<4:35:16, 51.94s/it]
 66%|██████▌   | 622/939 [9:16:24<4:34:20, 51.93s/it]
 66%|██████▋   | 623/939 [9:17:16<4:33:28, 51.92s/it]
 66%|██████▋   | 624/939 [9:18:08<4:32:29, 51.90s/it]
 67%|██████▋   | 625/939 [9:19:00<4:31:37, 51.90s/it]
 67%|██████▋   | 626/939 [9:19:26<3:50:10, 44.12s/it]
 67%|██████▋   | 627/939 [9:20:18<4:01:30, 46.44s/it]
 67%|██████▋   | 628/939 [9:21:10<4:09:10, 48.07s/it]
 67%|██████▋   | 629/939 [9:22:01<4:14:11, 49.20s/it]
 67%|██████▋   | 630/939 [9:22:53<4:17:35, 50.02s/it]
 67%|██████▋   | 631/939 [9:23:45<4:19:37, 50.58s/it]
 67%|██████▋   | 632/939 [9:24:37<4:20:48, 50.97s/it]
 67%|██████▋   | 633/939 [9:25:29<4:21:23, 51.25s/it]
 68%|██████▊   | 634/939 [9:26:21<4:21:38, 51.47s/it]
 68%|██████▊   | 635/939 [9:27:13<4:21:28, 51.61s/it]
 68%|██████▊   | 636/939 [9:28:05<4:21:02, 51.69s/it]
 68%|██████▊   | 637/939 [9:28:57<4:20:28, 51.75s/it]
 68%|██████▊   | 638/939 [9:29:49<4:19:48, 51.79s/it]
 68%|██████▊   | 639/939 [9:30:40<4:19:08, 51.83s/it]
 68%|██████▊   | 640/939 [9:31:32<4:18:22, 51.85s/it]
 68%|██████▊   | 641/939 [9:32:24<4:17:34, 51.86s/it]
 68%|██████▊   | 642/939 [9:33:16<4:16:42, 51.86s/it]
 68%|██████▊   | 643/939 [9:34:08<4:15:48, 51.85s/it]
 69%|██████▊   | 644/939 [9:35:00<4:14:57, 51.86s/it]
 69%|██████▊   | 645/939 [9:35:52<4:14:04, 51.85s/it]
 69%|██████▉   | 646/939 [9:36:44<4:13:21, 51.88s/it]
 69%|██████▉   | 647/939 [9:37:36<4:12:31, 51.89s/it]
 69%|██████▉   | 648/939 [9:38:28<4:11:49, 51.92s/it]
 69%|██████▉   | 649/939 [9:39:19<4:10:55, 51.92s/it]
 69%|██████▉   | 650/939 [9:40:11<4:09:58, 51.90s/it]
                                                     

 69%|██████▉   | 650/939 [9:40:11<4:09:58, 51.90s/it]
 69%|██████▉   | 651/939 [9:41:03<4:09:07, 51.90s/it]
 69%|██████▉   | 652/939 [9:41:55<4:08:11, 51.89s/it]
 70%|██████▉   | 653/939 [9:42:47<4:07:24, 51.90s/it]
 70%|██████▉   | 654/939 [9:43:39<4:06:37, 51.92s/it]
 70%|██████▉   | 655/939 [9:44:31<4:05:38, 51.90s/it]
 70%|██████▉   | 656/939 [9:45:23<4:04:45, 51.89s/it]
 70%|██████▉   | 657/939 [9:46:14<4:03:47, 51.87s/it]
 70%|███████   | 658/939 [9:47:06<4:02:55, 51.87s/it]
 70%|███████   | 659/939 [9:47:58<4:02:04, 51.87s/it]
 70%|███████   | 660/939 [9:48:50<4:01:17, 51.89s/it]
 70%|███████   | 661/939 [9:49:42<4:00:26, 51.89s/it]
 71%|███████   | 662/939 [9:50:34<3:59:31, 51.88s/it]
 71%|███████   | 663/939 [9:51:26<3:58:43, 51.90s/it]
 71%|███████   | 664/939 [9:52:18<3:57:57, 51.92s/it]
 71%|███████   | 665/939 [9:53:10<3:57:02, 51.91s/it]
 71%|███████   | 666/939 [9:54:02<3:56:11, 51.91s/it]
 71%|███████   | 667/939 [9:54:53<3:55:17, 51.90s/it]
 71%|███████   | 668/939 [9:55:45<3:54:24, 51.90s/it]
 71%|███████   | 669/939 [9:56:37<3:53:28, 51.88s/it]
 71%|███████▏  | 670/939 [9:57:29<3:52:31, 51.86s/it]
 71%|███████▏  | 671/939 [9:58:21<3:51:40, 51.87s/it]
 72%|███████▏  | 672/939 [9:59:13<3:50:51, 51.88s/it]
 72%|███████▏  | 673/939 [10:00:05<3:49:55, 51.86s/it]
 72%|███████▏  | 674/939 [10:00:57<3:49:06, 51.87s/it]
 72%|███████▏  | 675/939 [10:01:48<3:48:11, 51.86s/it]
 72%|███████▏  | 676/939 [10:02:40<3:47:26, 51.89s/it]
 72%|███████▏  | 677/939 [10:03:32<3:46:34, 51.89s/it]
 72%|███████▏  | 678/939 [10:04:24<3:45:43, 51.89s/it]
 72%|███████▏  | 679/939 [10:05:16<3:44:58, 51.92s/it]
 72%|███████▏  | 680/939 [10:06:08<3:44:02, 51.90s/it]
 73%|███████▎  | 681/939 [10:07:00<3:43:12, 51.91s/it]
 73%|███████▎  | 682/939 [10:07:52<3:42:19, 51.91s/it]
 73%|███████▎  | 683/939 [10:08:44<3:41:24, 51.89s/it]
 73%|███████▎  | 684/939 [10:09:36<3:40:33, 51.90s/it]
 73%|███████▎  | 685/939 [10:10:27<3:39:40, 51.89s/it]
 73%|███████▎  | 686/939 [10:11:19<3:38:49, 51.90s/it]
 73%|███████▎  | 687/939 [10:12:11<3:37:56, 51.89s/it]
 73%|███████▎  | 688/939 [10:13:03<3:37:03, 51.89s/it]
 73%|███████▎  | 689/939 [10:13:55<3:36:12, 51.89s/it]
 73%|███████▎  | 690/939 [10:14:47<3:35:22, 51.90s/it]
 74%|███████▎  | 691/939 [10:15:39<3:34:31, 51.90s/it]
 74%|███████▎  | 692/939 [10:16:31<3:33:39, 51.90s/it]
 74%|███████▍  | 693/939 [10:17:23<3:32:47, 51.90s/it]
 74%|███████▍  | 694/939 [10:18:15<3:31:56, 51.90s/it]
 74%|███████▍  | 695/939 [10:19:06<3:31:02, 51.90s/it]
 74%|███████▍  | 696/939 [10:19:58<3:30:09, 51.89s/it]
 74%|███████▍  | 697/939 [10:20:50<3:29:20, 51.90s/it]
 74%|███████▍  | 698/939 [10:21:42<3:28:32, 51.92s/it]
 74%|███████▍  | 699/939 [10:22:34<3:27:38, 51.91s/it]
 75%|███████▍  | 700/939 [10:23:26<3:26:43, 51.90s/it]
                                                      

 75%|███████▍  | 700/939 [10:23:26<3:26:43, 51.90s/it]
 75%|███████▍  | 701/939 [10:24:18<3:25:48, 51.88s/it]
 75%|███████▍  | 702/939 [10:25:10<3:24:58, 51.89s/it]
 75%|███████▍  | 703/939 [10:26:02<3:24:03, 51.88s/it]
 75%|███████▍  | 704/939 [10:26:53<3:23:11, 51.88s/it]
 75%|███████▌  | 705/939 [10:27:45<3:22:21, 51.89s/it]
 75%|███████▌  | 706/939 [10:28:37<3:21:32, 51.90s/it]
 75%|███████▌  | 707/939 [10:29:29<3:20:40, 51.90s/it]
 75%|███████▌  | 708/939 [10:30:21<3:19:44, 51.88s/it]
 76%|███████▌  | 709/939 [10:31:13<3:18:52, 51.88s/it]
 76%|███████▌  | 710/939 [10:32:05<3:18:03, 51.89s/it]
 76%|███████▌  | 711/939 [10:32:57<3:17:10, 51.89s/it]
 76%|███████▌  | 712/939 [10:33:49<3:16:20, 51.90s/it]
 76%|███████▌  | 713/939 [10:34:40<3:15:21, 51.87s/it]
 76%|███████▌  | 714/939 [10:35:32<3:14:33, 51.88s/it]
 76%|███████▌  | 715/939 [10:36:24<3:13:35, 51.85s/it]
 76%|███████▋  | 716/939 [10:37:16<3:12:50, 51.88s/it]
 76%|███████▋  | 717/939 [10:38:08<3:11:54, 51.87s/it]
 76%|███████▋  | 718/939 [10:39:00<3:10:59, 51.85s/it]
 77%|███████▋  | 719/939 [10:39:52<3:10:09, 51.86s/it]
 77%|███████▋  | 720/939 [10:40:43<3:09:19, 51.87s/it]
 77%|███████▋  | 721/939 [10:41:35<3:08:26, 51.86s/it]
 77%|███████▋  | 722/939 [10:42:27<3:07:38, 51.88s/it]
 77%|███████▋  | 723/939 [10:43:19<3:06:55, 51.92s/it]
 77%|███████▋  | 724/939 [10:44:11<3:05:58, 51.90s/it]
 77%|███████▋  | 725/939 [10:45:03<3:05:06, 51.90s/it]
 77%|███████▋  | 726/939 [10:45:55<3:04:16, 51.91s/it]
 77%|███████▋  | 727/939 [10:46:47<3:03:23, 51.90s/it]
 78%|███████▊  | 728/939 [10:47:39<3:02:30, 51.90s/it]
 78%|███████▊  | 729/939 [10:48:31<3:01:34, 51.88s/it]
 78%|███████▊  | 730/939 [10:49:22<3:00:40, 51.87s/it]
 78%|███████▊  | 731/939 [10:50:14<2:59:49, 51.87s/it]
 78%|███████▊  | 732/939 [10:51:06<2:58:53, 51.85s/it]
 78%|███████▊  | 733/939 [10:51:58<2:58:04, 51.87s/it]
 78%|███████▊  | 734/939 [10:52:50<2:57:14, 51.87s/it]
 78%|███████▊  | 735/939 [10:53:42<2:56:20, 51.87s/it]
 78%|███████▊  | 736/939 [10:54:34<2:55:31, 51.88s/it]
 78%|███████▊  | 737/939 [10:55:26<2:54:40, 51.88s/it]
 79%|███████▊  | 738/939 [10:56:17<2:53:47, 51.88s/it]
 79%|███████▊  | 739/939 [10:57:09<2:52:57, 51.89s/it]
 79%|███████▉  | 740/939 [10:58:01<2:52:03, 51.88s/it]
 79%|███████▉  | 741/939 [10:58:53<2:51:13, 51.89s/it]
 79%|███████▉  | 742/939 [10:59:45<2:50:22, 51.89s/it]
 79%|███████▉  | 743/939 [11:00:37<2:49:29, 51.88s/it]
 79%|███████▉  | 744/939 [11:01:29<2:48:36, 51.88s/it]
 79%|███████▉  | 745/939 [11:02:21<2:47:46, 51.89s/it]
 79%|███████▉  | 746/939 [11:03:13<2:46:55, 51.90s/it]
 80%|███████▉  | 747/939 [11:04:04<2:46:04, 51.90s/it]
 80%|███████▉  | 748/939 [11:04:56<2:45:10, 51.89s/it]
 80%|███████▉  | 749/939 [11:05:48<2:44:20, 51.90s/it]
 80%|███████▉  | 750/939 [11:06:40<2:43:30, 51.91s/it]
                                                      

 80%|███████▉  | 750/939 [11:06:40<2:43:30, 51.91s/it]{'eval_loss': '1.159', 'eval_runtime': '464.6', 'eval_samples_per_second': '2.152', 'eval_steps_per_second': '0.538', 'eval_entropy': '1.195', 'eval_num_tokens': '4.092e+06', 'eval_mean_token_accuracy': '0.7849', 'epoch': '1.598'}
{'loss': '0.9969', 'grad_norm': '0.1543', 'learning_rate': '8.04e-05', 'entropy': '1.089', 'num_tokens': '4.502e+06', 'mean_token_accuracy': '0.8136', 'epoch': '1.758'}
{'loss': '0.9281', 'grad_norm': '0.1581', 'learning_rate': '6.353e-05', 'entropy': '1.021', 'num_tokens': '4.911e+06', 'mean_token_accuracy': '0.826', 'epoch': '1.918'}
{'loss': '0.7941', 'grad_norm': '0.145', 'learning_rate': '4.778e-05', 'entropy': '0.9035', 'num_tokens': '5.317e+06', 'mean_token_accuracy': '0.8502', 'epoch': '2.077'}
{'loss': '0.6496', 'grad_norm': '0.1462', 'learning_rate': '3.365e-05', 'entropy': '0.767', 'num_tokens': '5.726e+06', 'mean_token_accuracy': '0.8763', 'epoch': '2.237'}
{'loss': '0.6208', 'grad_norm': '0.1363', 'learning_rate': '2.157e-05', 'entropy': '0.73', 'num_tokens': '6.136e+06', 'mean_token_accuracy': '0.8826', 'epoch': '2.397'}


  0%|          | 0/250 [00:00<?, ?it/s][A

  1%|          | 2/250 [00:01<03:48,  1.09it/s][A

  1%|          | 3/250 [00:03<05:21,  1.30s/it][A

  2%|▏         | 4/250 [00:05<06:09,  1.50s/it][A

  2%|▏         | 5/250 [00:07<06:37,  1.62s/it][A

  2%|▏         | 6/250 [00:09<06:53,  1.69s/it][A

  3%|▎         | 7/250 [00:11<07:03,  1.74s/it][A

  3%|▎         | 8/250 [00:12<07:09,  1.78s/it][A

  4%|▎         | 9/250 [00:14<07:12,  1.80s/it][A

  4%|▍         | 10/250 [00:16<07:14,  1.81s/it][A

  4%|▍         | 11/250 [00:18<07:15,  1.82s/it][A

  5%|▍         | 12/250 [00:20<07:14,  1.83s/it][A

  5%|▌         | 13/250 [00:22<07:14,  1.83s/it][A

  6%|▌         | 14/250 [00:23<07:12,  1.83s/it][A

  6%|▌         | 15/250 [00:25<07:11,  1.84s/it][A

  6%|▋         | 16/250 [00:27<07:10,  1.84s/it][A

  7%|▋         | 17/250 [00:29<07:09,  1.84s/it][A

  7%|▋         | 18/250 [00:31<07:07,  1.84s/it][A

  8%|▊         | 19/250 [00:33<07:05,  1.84s/it][A

  8%|▊         | 20/250 [00:35<07:03,  1.84s/it][A

  8%|▊         | 21/250 [00:36<07:01,  1.84s/it][A

  9%|▉         | 22/250 [00:38<06:59,  1.84s/it][A

  9%|▉         | 23/250 [00:40<06:58,  1.84s/it][A

 10%|▉         | 24/250 [00:42<06:56,  1.84s/it][A

 10%|█         | 25/250 [00:44<06:54,  1.84s/it][A

 10%|█         | 26/250 [00:46<06:52,  1.84s/it][A

 11%|█         | 27/250 [00:47<06:50,  1.84s/it][A

 11%|█         | 28/250 [00:49<06:49,  1.84s/it][A

 12%|█▏        | 29/250 [00:51<06:47,  1.84s/it][A

 12%|█▏        | 30/250 [00:53<06:45,  1.84s/it][A

 12%|█▏        | 31/250 [00:55<06:43,  1.84s/it][A

 13%|█▎        | 32/250 [00:57<06:41,  1.84s/it][A

 13%|█▎        | 33/250 [00:58<06:39,  1.84s/it][A

 14%|█▎        | 34/250 [01:00<06:37,  1.84s/it][A

 14%|█▍        | 35/250 [01:02<06:36,  1.84s/it][A

 14%|█▍        | 36/250 [01:04<06:34,  1.84s/it][A

 15%|█▍        | 37/250 [01:06<06:32,  1.84s/it][A

 15%|█▌        | 38/250 [01:08<06:30,  1.84s/it][A

 16%|█▌        | 39/250 [01:10<06:28,  1.84s/it][A

 16%|█▌        | 40/250 [01:11<06:26,  1.84s/it][A

 16%|█▋        | 41/250 [01:13<06:25,  1.84s/it][A

 17%|█▋        | 42/250 [01:15<06:23,  1.84s/it][A

 17%|█▋        | 43/250 [01:17<06:21,  1.84s/it][A

 18%|█▊        | 44/250 [01:19<06:19,  1.84s/it][A

 18%|█▊        | 45/250 [01:21<06:17,  1.84s/it][A

 18%|█▊        | 46/250 [01:22<06:15,  1.84s/it][A

 19%|█▉        | 47/250 [01:24<06:14,  1.84s/it][A

 19%|█▉        | 48/250 [01:26<06:12,  1.85s/it][A

 20%|█▉        | 49/250 [01:28<06:11,  1.85s/it][A

 20%|██        | 50/250 [01:30<06:09,  1.85s/it][A

 20%|██        | 51/250 [01:32<06:06,  1.84s/it][A

 21%|██        | 52/250 [01:33<06:04,  1.84s/it][A

 21%|██        | 53/250 [01:35<06:02,  1.84s/it][A

 22%|██▏       | 54/250 [01:37<06:01,  1.84s/it][A

 22%|██▏       | 55/250 [01:39<05:59,  1.84s/it][A

 22%|██▏       | 56/250 [01:41<05:57,  1.84s/it][A

 23%|██▎       | 57/250 [01:43<05:55,  1.84s/it][A

 23%|██▎       | 58/250 [01:45<05:53,  1.84s/it][A

 24%|██▎       | 59/250 [01:46<05:51,  1.84s/it][A

 24%|██▍       | 60/250 [01:48<05:49,  1.84s/it][A

 24%|██▍       | 61/250 [01:50<05:48,  1.84s/it][A

 25%|██▍       | 62/250 [01:52<05:46,  1.84s/it][A

 25%|██▌       | 63/250 [01:54<05:44,  1.84s/it][A

 26%|██▌       | 64/250 [01:56<05:42,  1.84s/it][A

 26%|██▌       | 65/250 [01:57<05:41,  1.84s/it][A

 26%|██▋       | 66/250 [01:59<05:39,  1.84s/it][A

 27%|██▋       | 67/250 [02:01<05:37,  1.84s/it][A

 27%|██▋       | 68/250 [02:03<05:35,  1.84s/it][A

 28%|██▊       | 69/250 [02:05<05:33,  1.84s/it][A

 28%|██▊       | 70/250 [02:07<05:31,  1.84s/it][A

 28%|██▊       | 71/250 [02:08<05:29,  1.84s/it][A

 29%|██▉       | 72/250 [02:10<05:27,  1.84s/it][A

 29%|██▉       | 73/250 [02:12<05:25,  1.84s/it][A

 30%|██▉       | 74/250 [02:14<05:24,  1.84s/it][A

 30%|███       | 75/250 [02:16<05:22,  1.84s/it][A

 30%|███       | 76/250 [02:18<05:20,  1.84s/it][A

 31%|███       | 77/250 [02:20<05:18,  1.84s/it][A

 31%|███       | 78/250 [02:21<05:16,  1.84s/it][A

 32%|███▏      | 79/250 [02:23<05:14,  1.84s/it][A

 32%|███▏      | 80/250 [02:25<05:13,  1.84s/it][A

 32%|███▏      | 81/250 [02:27<05:11,  1.84s/it][A

 33%|███▎      | 82/250 [02:29<05:09,  1.84s/it][A

 33%|███▎      | 83/250 [02:31<05:07,  1.84s/it][A

 34%|███▎      | 84/250 [02:32<05:05,  1.84s/it][A

 34%|███▍      | 85/250 [02:34<05:03,  1.84s/it][A

 34%|███▍      | 86/250 [02:36<05:02,  1.84s/it][A

 35%|███▍      | 87/250 [02:38<05:00,  1.84s/it][A

 35%|███▌      | 88/250 [02:40<04:58,  1.84s/it][A

 36%|███▌      | 89/250 [02:42<04:56,  1.84s/it][A

 36%|███▌      | 90/250 [02:43<04:54,  1.84s/it][A

 36%|███▋      | 91/250 [02:45<04:52,  1.84s/it][A

 37%|███▋      | 92/250 [02:47<04:51,  1.84s/it][A

 37%|███▋      | 93/250 [02:49<04:49,  1.84s/it][A

 38%|███▊      | 94/250 [02:51<04:47,  1.84s/it][A

 38%|███▊      | 95/250 [02:53<04:45,  1.84s/it][A

 38%|███▊      | 96/250 [02:55<04:43,  1.84s/it][A

 39%|███▉      | 97/250 [02:56<04:41,  1.84s/it][A

 39%|███▉      | 98/250 [02:58<04:40,  1.84s/it][A

 40%|███▉      | 99/250 [03:00<04:38,  1.84s/it][A

 40%|████      | 100/250 [03:02<04:36,  1.84s/it][A

 40%|████      | 101/250 [03:04<04:34,  1.84s/it][A

 41%|████      | 102/250 [03:06<04:32,  1.84s/it][A

 41%|████      | 103/250 [03:07<04:30,  1.84s/it][A

 42%|████▏     | 104/250 [03:09<04:28,  1.84s/it][A

 42%|████▏     | 105/250 [03:11<04:26,  1.84s/it][A

 42%|████▏     | 106/250 [03:13<04:25,  1.84s/it][A

 43%|████▎     | 107/250 [03:15<04:23,  1.84s/it][A

 43%|████▎     | 108/250 [03:17<04:21,  1.84s/it][A

 44%|████▎     | 109/250 [03:18<04:19,  1.84s/it][A

 44%|████▍     | 110/250 [03:20<04:17,  1.84s/it][A

 44%|████▍     | 111/250 [03:22<04:15,  1.84s/it][A

 45%|████▍     | 112/250 [03:24<04:14,  1.84s/it][A

 45%|████▌     | 113/250 [03:26<04:12,  1.84s/it][A

 46%|████▌     | 114/250 [03:28<04:10,  1.84s/it][A

 46%|████▌     | 115/250 [03:30<04:08,  1.84s/it][A

 46%|████▋     | 116/250 [03:31<04:06,  1.84s/it][A

 47%|████▋     | 117/250 [03:33<04:04,  1.84s/it][A

 47%|████▋     | 118/250 [03:35<04:03,  1.84s/it][A

 48%|████▊     | 119/250 [03:37<04:01,  1.84s/it][A

 48%|████▊     | 120/250 [03:39<03:59,  1.84s/it][A

 48%|████▊     | 121/250 [03:41<03:57,  1.84s/it][A

 49%|████▉     | 122/250 [03:42<03:55,  1.84s/it][A

 49%|████▉     | 123/250 [03:44<03:53,  1.84s/it][A

 50%|████▉     | 124/250 [03:46<03:52,  1.84s/it][A

 50%|█████     | 125/250 [03:48<03:50,  1.84s/it][A

 50%|█████     | 126/250 [03:50<03:48,  1.84s/it][A

 51%|█████     | 127/250 [03:52<03:46,  1.84s/it][A

 51%|█████     | 128/250 [03:53<03:44,  1.84s/it][A

 52%|█████▏    | 129/250 [03:55<03:43,  1.84s/it][A

 52%|█████▏    | 130/250 [03:57<03:41,  1.84s/it][A

 52%|█████▏    | 131/250 [03:59<03:39,  1.84s/it][A

 53%|█████▎    | 132/250 [04:01<03:37,  1.84s/it][A

 53%|█████▎    | 133/250 [04:03<03:35,  1.84s/it][A

 54%|█████▎    | 134/250 [04:05<03:33,  1.84s/it][A

 54%|█████▍    | 135/250 [04:06<03:31,  1.84s/it][A

 54%|█████▍    | 136/250 [04:08<03:29,  1.84s/it][A

 55%|█████▍    | 137/250 [04:10<03:28,  1.84s/it][A

 55%|█████▌    | 138/250 [04:12<03:26,  1.84s/it][A

 56%|█████▌    | 139/250 [04:14<03:24,  1.84s/it][A

 56%|█████▌    | 140/250 [04:16<03:23,  1.85s/it][A

 56%|█████▋    | 141/250 [04:17<03:21,  1.85s/it][A

 57%|█████▋    | 142/250 [04:19<03:19,  1.84s/it][A

 57%|█████▋    | 143/250 [04:21<03:17,  1.84s/it][A

 58%|█████▊    | 144/250 [04:23<03:15,  1.84s/it][A

 58%|█████▊    | 145/250 [04:25<03:13,  1.84s/it][A

 58%|█████▊    | 146/250 [04:27<03:11,  1.85s/it][A

 59%|█████▉    | 147/250 [04:29<03:09,  1.84s/it][A

 59%|█████▉    | 148/250 [04:30<03:07,  1.84s/it][A

 60%|█████▉    | 149/250 [04:32<03:05,  1.84s/it][A

 60%|██████    | 150/250 [04:34<03:03,  1.84s/it][A

 60%|██████    | 151/250 [04:36<03:02,  1.84s/it][A

 61%|██████    | 152/250 [04:38<03:00,  1.84s/it][A

 61%|██████    | 153/250 [04:40<02:58,  1.84s/it][A

 62%|██████▏   | 154/250 [04:41<02:56,  1.84s/it][A

 62%|██████▏   | 155/250 [04:43<02:54,  1.84s/it][A

 62%|██████▏   | 156/250 [04:45<02:53,  1.84s/it][A

 63%|██████▎   | 157/250 [04:47<02:51,  1.84s/it][A

 63%|██████▎   | 158/250 [04:49<02:49,  1.84s/it][A

 64%|██████▎   | 159/250 [04:51<02:47,  1.84s/it][A

 64%|██████▍   | 160/250 [04:52<02:45,  1.84s/it][A

 64%|██████▍   | 161/250 [04:54<02:44,  1.85s/it][A

 65%|██████▍   | 162/250 [04:56<02:42,  1.84s/it][A

 65%|██████▌   | 163/250 [04:58<02:40,  1.84s/it][A

 66%|██████▌   | 164/250 [05:00<02:38,  1.84s/it][A

 66%|██████▌   | 165/250 [05:02<02:36,  1.84s/it][A

 66%|██████▋   | 166/250 [05:04<02:34,  1.84s/it][A

 67%|██████▋   | 167/250 [05:05<02:33,  1.85s/it][A

 67%|██████▋   | 168/250 [05:07<02:31,  1.84s/it][A

 68%|██████▊   | 169/250 [05:09<02:29,  1.84s/it][A

 68%|██████▊   | 170/250 [05:11<02:27,  1.84s/it][A

 68%|██████▊   | 171/250 [05:13<02:25,  1.84s/it][A

 69%|██████▉   | 172/250 [05:15<02:23,  1.84s/it][A

 69%|██████▉   | 173/250 [05:16<02:21,  1.84s/it][A

 70%|██████▉   | 174/250 [05:18<02:20,  1.85s/it][A

 70%|███████   | 175/250 [05:20<02:18,  1.84s/it][A

 70%|███████   | 176/250 [05:22<02:16,  1.85s/it][A

 71%|███████   | 177/250 [05:24<02:14,  1.84s/it][A

 71%|███████   | 178/250 [05:26<02:12,  1.84s/it][A

 72%|███████▏  | 179/250 [05:28<02:11,  1.85s/it][A

 72%|███████▏  | 180/250 [05:29<02:09,  1.85s/it][A

 72%|███████▏  | 181/250 [05:31<02:07,  1.85s/it][A

 73%|███████▎  | 182/250 [05:33<02:05,  1.84s/it][A

 73%|███████▎  | 183/250 [05:35<02:03,  1.84s/it][A

 74%|███████▎  | 184/250 [05:37<02:01,  1.84s/it][A

 74%|███████▍  | 185/250 [05:39<01:59,  1.84s/it][A

 74%|███████▍  | 186/250 [05:40<01:57,  1.84s/it][A

 75%|███████▍  | 187/250 [05:42<01:55,  1.84s/it][A

 75%|███████▌  | 188/250 [05:44<01:53,  1.84s/it][A

 76%|███████▌  | 189/250 [05:46<01:52,  1.85s/it][A

 76%|███████▌  | 190/250 [05:48<01:50,  1.84s/it][A

 76%|███████▋  | 191/250 [05:50<01:48,  1.85s/it][A

 77%|███████▋  | 192/250 [05:51<01:46,  1.84s/it][A

 77%|███████▋  | 193/250 [05:53<01:44,  1.84s/it][A

 78%|███████▊  | 194/250 [05:55<01:43,  1.84s/it][A

 78%|███████▊  | 195/250 [05:57<01:41,  1.84s/it][A

 78%|███████▊  | 196/250 [05:59<01:39,  1.84s/it][A

 79%|███████▉  | 197/250 [06:01<01:37,  1.84s/it][A

 79%|███████▉  | 198/250 [06:02<01:35,  1.84s/it][A

 80%|███████▉  | 199/250 [06:04<01:33,  1.84s/it][A

 80%|████████  | 200/250 [06:06<01:32,  1.84s/it][A

 80%|████████  | 201/250 [06:08<01:30,  1.84s/it][A

 81%|████████  | 202/250 [06:10<01:28,  1.84s/it][A

 81%|████████  | 203/250 [06:12<01:26,  1.84s/it][A

 82%|████████▏ | 204/250 [06:14<01:24,  1.84s/it][A

 82%|████████▏ | 205/250 [06:15<01:22,  1.84s/it][A

 82%|████████▏ | 206/250 [06:17<01:21,  1.84s/it][A

 83%|████████▎ | 207/250 [06:19<01:19,  1.84s/it][A

 83%|████████▎ | 208/250 [06:21<01:17,  1.84s/it][A

 84%|████████▎ | 209/250 [06:23<01:15,  1.84s/it][A

 84%|████████▍ | 210/250 [06:25<01:13,  1.84s/it][A

 84%|████████▍ | 211/250 [06:26<01:11,  1.84s/it][A

 85%|████████▍ | 212/250 [06:28<01:10,  1.85s/it][A

 85%|████████▌ | 213/250 [06:30<01:08,  1.85s/it][A

 86%|████████▌ | 214/250 [06:32<01:06,  1.84s/it][A

 86%|████████▌ | 215/250 [06:34<01:04,  1.84s/it][A

 86%|████████▋ | 216/250 [06:36<01:02,  1.84s/it][A

 87%|████████▋ | 217/250 [06:38<01:00,  1.84s/it][A

 87%|████████▋ | 218/250 [06:39<00:59,  1.85s/it][A

 88%|████████▊ | 219/250 [06:41<00:57,  1.85s/it][A

 88%|████████▊ | 220/250 [06:43<00:55,  1.84s/it][A

 88%|████████▊ | 221/250 [06:45<00:53,  1.84s/it][A

 89%|████████▉ | 222/250 [06:47<00:51,  1.84s/it][A

 89%|████████▉ | 223/250 [06:49<00:49,  1.84s/it][A

 90%|████████▉ | 224/250 [06:50<00:47,  1.85s/it][A

 90%|█████████ | 225/250 [06:52<00:46,  1.84s/it][A

 90%|█████████ | 226/250 [06:54<00:44,  1.84s/it][A

 91%|█████████ | 227/250 [06:56<00:42,  1.84s/it][A

 91%|█████████ | 228/250 [06:58<00:40,  1.84s/it][A

 92%|█████████▏| 229/250 [07:00<00:38,  1.84s/it][A

 92%|█████████▏| 230/250 [07:01<00:36,  1.84s/it][A

 92%|█████████▏| 231/250 [07:03<00:34,  1.84s/it][A

 93%|█████████▎| 232/250 [07:05<00:33,  1.84s/it][A

 93%|█████████▎| 233/250 [07:07<00:31,  1.84s/it][A

 94%|█████████▎| 234/250 [07:09<00:29,  1.84s/it][A

 94%|█████████▍| 235/250 [07:11<00:27,  1.84s/it][A

 94%|█████████▍| 236/250 [07:13<00:25,  1.84s/it][A

 95%|█████████▍| 237/250 [07:14<00:23,  1.84s/it][A

 95%|█████████▌| 238/250 [07:16<00:22,  1.84s/it][A

 96%|█████████▌| 239/250 [07:18<00:20,  1.84s/it][A

 96%|█████████▌| 240/250 [07:20<00:18,  1.84s/it][A

 96%|█████████▋| 241/250 [07:22<00:16,  1.84s/it][A

 97%|█████████▋| 242/250 [07:24<00:14,  1.85s/it][A

 97%|█████████▋| 243/250 [07:25<00:12,  1.85s/it][A

 98%|█████████▊| 244/250 [07:27<00:11,  1.85s/it][A

 98%|█████████▊| 245/250 [07:29<00:09,  1.85s/it][A

 98%|█████████▊| 246/250 [07:31<00:07,  1.85s/it][A

 99%|█████████▉| 247/250 [07:33<00:05,  1.84s/it][A

 99%|█████████▉| 248/250 [07:35<00:03,  1.84s/it][A

100%|█████████▉| 249/250 [07:36<00:01,  1.84s/it][A

100%|██████████| 250/250 [07:38<00:00,  1.84s/it][A
                                                      

                                                 
[A
 80%|███████▉  | 750/939 [11:14:21<2:43:30, 51.91s/it]

100%|██████████| 250/250 [07:38<00:00,  1.84s/it][A

                                                 [A
 80%|███████▉  | 751/939 [11:15:15<9:57:48, 190.79s/it]
 80%|████████  | 752/939 [11:16:07<7:44:45, 149.12s/it]
 80%|████████  | 753/939 [11:16:59<6:11:48, 119.94s/it]
 80%|████████  | 754/939 [11:17:51<5:06:52, 99.53s/it] 
 80%|████████  | 755/939 [11:18:43<4:21:24, 85.24s/it]
 81%|████████  | 756/939 [11:19:34<3:49:29, 75.24s/it]
 81%|████████  | 757/939 [11:20:26<3:27:00, 68.24s/it]
 81%|████████  | 758/939 [11:21:18<3:11:03, 63.34s/it]
 81%|████████  | 759/939 [11:22:10<2:59:45, 59.92s/it]
 81%|████████  | 760/939 [11:23:02<2:51:33, 57.50s/it]
 81%|████████  | 761/939 [11:23:54<2:45:37, 55.83s/it]
 81%|████████  | 762/939 [11:24:46<2:41:14, 54.66s/it]
 81%|████████▏ | 763/939 [11:25:38<2:37:55, 53.84s/it]
 81%|████████▏ | 764/939 [11:26:30<2:35:19, 53.25s/it]
 81%|████████▏ | 765/939 [11:27:22<2:33:13, 52.84s/it]
 82%|████████▏ | 766/939 [11:28:13<2:31:31, 52.55s/it]
 82%|████████▏ | 767/939 [11:29:05<2:30:03, 52.35s/it]
 82%|████████▏ | 768/939 [11:29:57<2:28:49, 52.22s/it]
 82%|████████▏ | 769/939 [11:30:49<2:27:41, 52.13s/it]
 82%|████████▏ | 770/939 [11:31:41<2:26:39, 52.07s/it]
 82%|████████▏ | 771/939 [11:32:33<2:25:36, 52.01s/it]
 82%|████████▏ | 772/939 [11:33:25<2:24:39, 51.98s/it]
 82%|████████▏ | 773/939 [11:34:17<2:23:47, 51.97s/it]
 82%|████████▏ | 774/939 [11:35:09<2:22:51, 51.95s/it]
 83%|████████▎ | 775/939 [11:36:01<2:22:00, 51.95s/it]
 83%|████████▎ | 776/939 [11:36:53<2:21:06, 51.94s/it]
 83%|████████▎ | 777/939 [11:37:44<2:20:12, 51.93s/it]
 83%|████████▎ | 778/939 [11:38:36<2:19:24, 51.95s/it]
 83%|████████▎ | 779/939 [11:39:28<2:18:30, 51.94s/it]
 83%|████████▎ | 780/939 [11:40:20<2:17:32, 51.91s/it]
 83%|████████▎ | 781/939 [11:41:12<2:16:45, 51.94s/it]
 83%|████████▎ | 782/939 [11:42:04<2:15:50, 51.92s/it]
 83%|████████▎ | 783/939 [11:42:56<2:14:59, 51.92s/it]
 83%|████████▎ | 784/939 [11:43:48<2:14:06, 51.91s/it]
 84%|████████▎ | 785/939 [11:44:40<2:13:16, 51.92s/it]
 84%|████████▎ | 786/939 [11:45:32<2:12:26, 51.94s/it]
 84%|████████▍ | 787/939 [11:46:24<2:11:34, 51.94s/it]
 84%|████████▍ | 788/939 [11:47:16<2:10:42, 51.94s/it]
 84%|████████▍ | 789/939 [11:48:08<2:09:49, 51.93s/it]
 84%|████████▍ | 790/939 [11:49:00<2:08:56, 51.92s/it]
 84%|████████▍ | 791/939 [11:49:51<2:08:04, 51.92s/it]
 84%|████████▍ | 792/939 [11:50:43<2:07:13, 51.93s/it]
 84%|████████▍ | 793/939 [11:51:35<2:06:22, 51.94s/it]
 85%|████████▍ | 794/939 [11:52:27<2:05:27, 51.92s/it]
 85%|████████▍ | 795/939 [11:53:19<2:04:34, 51.91s/it]
 85%|████████▍ | 796/939 [11:54:11<2:03:43, 51.91s/it]
 85%|████████▍ | 797/939 [11:55:03<2:02:51, 51.91s/it]
 85%|████████▍ | 798/939 [11:55:55<2:02:00, 51.92s/it]
 85%|████████▌ | 799/939 [11:56:47<2:01:11, 51.94s/it]
 85%|████████▌ | 800/939 [11:57:39<2:00:20, 51.95s/it]
                                                      

 85%|████████▌ | 800/939 [11:57:39<2:00:20, 51.95s/it]
 85%|████████▌ | 801/939 [11:58:31<1:59:24, 51.92s/it]
 85%|████████▌ | 802/939 [11:59:23<1:58:33, 51.92s/it]
 86%|████████▌ | 803/939 [12:00:15<1:57:42, 51.93s/it]
 86%|████████▌ | 804/939 [12:01:07<1:56:51, 51.94s/it]
 86%|████████▌ | 805/939 [12:01:58<1:55:58, 51.93s/it]
 86%|████████▌ | 806/939 [12:02:50<1:55:05, 51.92s/it]
 86%|████████▌ | 807/939 [12:03:42<1:54:11, 51.91s/it]
 86%|████████▌ | 808/939 [12:04:34<1:53:17, 51.89s/it]
 86%|████████▌ | 809/939 [12:05:26<1:52:25, 51.89s/it]
 86%|████████▋ | 810/939 [12:06:18<1:51:33, 51.89s/it]
 86%|████████▋ | 811/939 [12:07:10<1:50:40, 51.88s/it]
 86%|████████▋ | 812/939 [12:08:02<1:49:49, 51.88s/it]
 87%|████████▋ | 813/939 [12:08:54<1:48:59, 51.90s/it]
 87%|████████▋ | 814/939 [12:09:45<1:48:08, 51.91s/it]
 87%|████████▋ | 815/939 [12:10:37<1:47:16, 51.91s/it]
 87%|████████▋ | 816/939 [12:11:29<1:46:25, 51.91s/it]
 87%|████████▋ | 817/939 [12:12:21<1:45:32, 51.90s/it]
 87%|████████▋ | 818/939 [12:13:13<1:44:40, 51.90s/it]
 87%|████████▋ | 819/939 [12:14:05<1:43:48, 51.90s/it]
 87%|████████▋ | 820/939 [12:14:57<1:42:56, 51.91s/it]
 87%|████████▋ | 821/939 [12:15:49<1:42:05, 51.91s/it]
 88%|████████▊ | 822/939 [12:16:41<1:41:11, 51.89s/it]
 88%|████████▊ | 823/939 [12:17:33<1:40:19, 51.89s/it]
 88%|████████▊ | 824/939 [12:18:24<1:39:28, 51.90s/it]
 88%|████████▊ | 825/939 [12:19:16<1:38:37, 51.90s/it]
 88%|████████▊ | 826/939 [12:20:08<1:37:44, 51.89s/it]
 88%|████████▊ | 827/939 [12:21:00<1:36:51, 51.89s/it]
 88%|████████▊ | 828/939 [12:21:52<1:36:01, 51.90s/it]
 88%|████████▊ | 829/939 [12:22:44<1:35:10, 51.92s/it]
 88%|████████▊ | 830/939 [12:23:36<1:34:19, 51.92s/it]
 88%|████████▊ | 831/939 [12:24:28<1:33:28, 51.93s/it]
 89%|████████▊ | 832/939 [12:25:20<1:32:36, 51.93s/it]
 89%|████████▊ | 833/939 [12:26:12<1:31:42, 51.91s/it]
 89%|████████▉ | 834/939 [12:27:04<1:30:50, 51.91s/it]
 89%|████████▉ | 835/939 [12:27:56<1:29:58, 51.91s/it]
 89%|████████▉ | 836/939 [12:28:47<1:29:04, 51.89s/it]
 89%|████████▉ | 837/939 [12:29:39<1:28:13, 51.90s/it]
 89%|████████▉ | 838/939 [12:30:31<1:27:20, 51.89s/it]
 89%|████████▉ | 839/939 [12:31:23<1:26:28, 51.89s/it]
 89%|████████▉ | 840/939 [12:32:15<1:25:35, 51.87s/it]
 90%|████████▉ | 841/939 [12:33:07<1:24:44, 51.89s/it]
 90%|████████▉ | 842/939 [12:33:59<1:23:53, 51.89s/it]
 90%|████████▉ | 843/939 [12:34:51<1:23:02, 51.90s/it]
 90%|████████▉ | 844/939 [12:35:43<1:22:10, 51.90s/it]
 90%|████████▉ | 845/939 [12:36:34<1:21:18, 51.90s/it]
 90%|█████████ | 846/939 [12:37:26<1:20:27, 51.91s/it]
 90%|█████████ | 847/939 [12:38:18<1:19:36, 51.92s/it]
 90%|█████████ | 848/939 [12:39:10<1:18:45, 51.93s/it]
 90%|█████████ | 849/939 [12:40:02<1:17:51, 51.91s/it]
 91%|█████████ | 850/939 [12:40:54<1:16:59, 51.91s/it]
                                                      

 91%|█████████ | 850/939 [12:40:54<1:16:59, 51.91s/it]
 91%|█████████ | 851/939 [12:41:46<1:16:06, 51.90s/it]
 91%|█████████ | 852/939 [12:42:38<1:15:14, 51.89s/it]
 91%|█████████ | 853/939 [12:43:30<1:14:23, 51.90s/it]
 91%|█████████ | 854/939 [12:44:22<1:13:31, 51.90s/it]
 91%|█████████ | 855/939 [12:45:13<1:12:39, 51.90s/it]
 91%|█████████ | 856/939 [12:46:05<1:11:47, 51.89s/it]
 91%|█████████▏| 857/939 [12:46:57<1:10:54, 51.88s/it]
 91%|█████████▏| 858/939 [12:47:49<1:10:03, 51.89s/it]
 91%|█████████▏| 859/939 [12:48:41<1:09:11, 51.89s/it]
 92%|█████████▏| 860/939 [12:49:33<1:08:21, 51.92s/it]
 92%|█████████▏| 861/939 [12:50:25<1:07:28, 51.91s/it]
 92%|█████████▏| 862/939 [12:51:17<1:06:38, 51.93s/it]
 92%|█████████▏| 863/939 [12:52:09<1:05:46, 51.92s/it]
 92%|█████████▏| 864/939 [12:53:01<1:04:52, 51.91s/it]
 92%|█████████▏| 865/939 [12:53:52<1:04:00, 51.90s/it]
 92%|█████████▏| 866/939 [12:54:44<1:03:07, 51.89s/it]
 92%|█████████▏| 867/939 [12:55:36<1:02:15, 51.89s/it]
 92%|█████████▏| 868/939 [12:56:28<1:01:24, 51.89s/it]
 93%|█████████▎| 869/939 [12:57:20<1:00:33, 51.91s/it]
 93%|█████████▎| 870/939 [12:58:12<59:41, 51.91s/it]  
 93%|█████████▎| 871/939 [12:59:04<58:49, 51.91s/it]
 93%|█████████▎| 872/939 [12:59:56<57:58, 51.92s/it]
 93%|█████████▎| 873/939 [13:00:48<57:06, 51.92s/it]
 93%|█████████▎| 874/939 [13:01:40<56:14, 51.91s/it]
 93%|█████████▎| 875/939 [13:02:32<55:22, 51.91s/it]
 93%|█████████▎| 876/939 [13:03:24<54:30, 51.92s/it]
 93%|█████████▎| 877/939 [13:04:15<53:38, 51.91s/it]
 94%|█████████▎| 878/939 [13:05:07<52:45, 51.89s/it]
 94%|█████████▎| 879/939 [13:05:59<51:53, 51.89s/it]
 94%|█████████▎| 880/939 [13:06:51<51:01, 51.89s/it]
 94%|█████████▍| 881/939 [13:07:43<50:08, 51.88s/it]
 94%|█████████▍| 882/939 [13:08:35<49:16, 51.88s/it]
 94%|█████████▍| 883/939 [13:09:27<48:25, 51.88s/it]
 94%|█████████▍| 884/939 [13:10:19<47:33, 51.88s/it]
 94%|█████████▍| 885/939 [13:11:10<46:41, 51.88s/it]
 94%|█████████▍| 886/939 [13:12:02<45:50, 51.89s/it]
 94%|█████████▍| 887/939 [13:12:54<44:58, 51.90s/it]
 95%|█████████▍| 888/939 [13:13:46<44:08, 51.92s/it]
 95%|█████████▍| 889/939 [13:14:38<43:16, 51.92s/it]
 95%|█████████▍| 890/939 [13:15:30<42:23, 51.91s/it]
 95%|█████████▍| 891/939 [13:16:22<41:31, 51.92s/it]
 95%|█████████▍| 892/939 [13:17:14<40:40, 51.94s/it]
 95%|█████████▌| 893/939 [13:18:06<39:48, 51.92s/it]
 95%|█████████▌| 894/939 [13:18:58<38:56, 51.92s/it]
 95%|█████████▌| 895/939 [13:19:50<38:03, 51.90s/it]
 95%|█████████▌| 896/939 [13:20:41<37:10, 51.88s/it]
 96%|█████████▌| 897/939 [13:21:33<36:18, 51.87s/it]
 96%|█████████▌| 898/939 [13:22:25<35:27, 51.89s/it]
 96%|█████████▌| 899/939 [13:23:17<34:35, 51.89s/it]
 96%|█████████▌| 900/939 [13:24:09<33:44, 51.90s/it]
                                                    

 96%|█████████▌| 900/939 [13:24:09<33:44, 51.90s/it]
 96%|█████████▌| 901/939 [13:25:01<32:52, 51.90s/it]
 96%|█████████▌| 902/939 [13:25:53<32:00, 51.90s/it]
 96%|█████████▌| 903/939 [13:26:45<31:08, 51.92s/it]
 96%|█████████▋| 904/939 [13:27:37<30:17, 51.92s/it]
 96%|█████████▋| 905/939 [13:28:29<29:25, 51.93s/it]
 96%|█████████▋| 906/939 [13:29:21<28:33, 51.92s/it]
 97%|█████████▋| 907/939 [13:30:12<27:41, 51.92s/it]
 97%|█████████▋| 908/939 [13:31:04<26:49, 51.91s/it]
 97%|█████████▋| 909/939 [13:31:56<25:56, 51.89s/it]
 97%|█████████▋| 910/939 [13:32:48<25:04, 51.87s/it]
 97%|█████████▋| 911/939 [13:33:40<24:13, 51.90s/it]
 97%|█████████▋| 912/939 [13:34:32<23:21, 51.90s/it]
 97%|█████████▋| 913/939 [13:35:24<22:29, 51.89s/it]
 97%|█████████▋| 914/939 [13:36:16<21:37, 51.91s/it]
 97%|█████████▋| 915/939 [13:37:08<20:45, 51.91s/it]
 98%|█████████▊| 916/939 [13:38:00<19:54, 51.92s/it]
 98%|█████████▊| 917/939 [13:38:52<19:02, 51.93s/it]
 98%|█████████▊| 918/939 [13:39:43<18:10, 51.92s/it]
 98%|█████████▊| 919/939 [13:40:35<17:18, 51.93s/it]
 98%|█████████▊| 920/939 [13:41:27<16:26, 51.94s/it]
 98%|█████████▊| 921/939 [13:42:19<15:34, 51.93s/it]
 98%|█████████▊| 922/939 [13:43:11<14:42, 51.93s/it]
 98%|█████████▊| 923/939 [13:44:03<13:51, 51.94s/it]
 98%|█████████▊| 924/939 [13:44:55<12:59, 51.94s/it]
 99%|█████████▊| 925/939 [13:45:47<12:06, 51.92s/it]
 99%|█████████▊| 926/939 [13:46:39<11:14, 51.90s/it]
 99%|█████████▊| 927/939 [13:47:31<10:22, 51.90s/it]
 99%|█████████▉| 928/939 [13:48:23<09:30, 51.90s/it]
 99%|█████████▉| 929/939 [13:49:15<08:39, 51.90s/it]
 99%|█████████▉| 930/939 [13:50:06<07:47, 51.90s/it]
 99%|█████████▉| 931/939 [13:50:58<06:55, 51.91s/it]
 99%|█████████▉| 932/939 [13:51:50<06:03, 51.92s/it]
 99%|█████████▉| 933/939 [13:52:42<05:11, 51.91s/it]
 99%|█████████▉| 934/939 [13:53:34<04:19, 51.91s/it]
100%|█████████▉| 935/939 [13:54:26<03:27, 51.90s/it]
100%|█████████▉| 936/939 [13:55:18<02:35, 51.92s/it]
100%|█████████▉| 937/939 [13:56:10<01:43, 51.92s/it]
100%|█████████▉| 938/939 [13:57:02<00:51, 51.91s/it]
100%|██████████| 939/939 [13:57:28<00:00, 44.14s/it]{'eval_loss': '0.8616', 'eval_runtime': '460.6', 'eval_samples_per_second': '2.171', 'eval_steps_per_second': '0.543', 'eval_entropy': '0.884', 'eval_num_tokens': '6.136e+06', 'eval_mean_token_accuracy': '0.8437', 'epoch': '2.397'}
{'loss': '0.5844', 'grad_norm': '0.1479', 'learning_rate': '1.191e-05', 'entropy': '0.695', 'num_tokens': '6.545e+06', 'mean_token_accuracy': '0.8892', 'epoch': '2.557'}
{'loss': '0.5402', 'grad_norm': '0.1428', 'learning_rate': '4.982e-06', 'entropy': '0.6526', 'num_tokens': '6.955e+06', 'mean_token_accuracy': '0.8985', 'epoch': '2.717'}
{'loss': '0.6019', 'grad_norm': '0.1381', 'learning_rate': '9.907e-07', 'entropy': '0.713', 'num_tokens': '7.365e+06', 'mean_token_accuracy': '0.8868', 'epoch': '2.877'}


  0%|          | 0/250 [00:00<?, ?it/s][A

  1%|          | 2/250 [00:01<03:47,  1.09it/s][A

  1%|          | 3/250 [00:03<05:22,  1.31s/it][A

  2%|▏         | 4/250 [00:05<06:10,  1.51s/it][A

  2%|▏         | 5/250 [00:07<06:37,  1.62s/it][A

  2%|▏         | 6/250 [00:09<06:53,  1.69s/it][A

  3%|▎         | 7/250 [00:11<07:02,  1.74s/it][A

  3%|▎         | 8/250 [00:12<07:08,  1.77s/it][A

  4%|▎         | 9/250 [00:14<07:11,  1.79s/it][A

  4%|▍         | 10/250 [00:16<07:13,  1.80s/it][A

  4%|▍         | 11/250 [00:18<07:13,  1.81s/it][A

  5%|▍         | 12/250 [00:20<07:14,  1.82s/it][A

  5%|▌         | 13/250 [00:22<07:13,  1.83s/it][A

  6%|▌         | 14/250 [00:23<07:12,  1.83s/it][A

  6%|▌         | 15/250 [00:25<07:11,  1.84s/it][A

  6%|▋         | 16/250 [00:27<07:10,  1.84s/it][A

  7%|▋         | 17/250 [00:29<07:08,  1.84s/it][A

  7%|▋         | 18/250 [00:31<07:08,  1.85s/it][A

  8%|▊         | 19/250 [00:33<07:06,  1.85s/it][A

  8%|▊         | 20/250 [00:34<07:04,  1.84s/it][A

  8%|▊         | 21/250 [00:36<07:02,  1.84s/it][A

  9%|▉         | 22/250 [00:38<07:00,  1.84s/it][A

  9%|▉         | 23/250 [00:40<06:58,  1.84s/it][A

 10%|▉         | 24/250 [00:42<06:56,  1.84s/it][A

 10%|█         | 25/250 [00:44<06:54,  1.84s/it][A

 10%|█         | 26/250 [00:46<06:52,  1.84s/it][A

 11%|█         | 27/250 [00:47<06:50,  1.84s/it][A

 11%|█         | 28/250 [00:49<06:48,  1.84s/it][A

 12%|█▏        | 29/250 [00:51<06:47,  1.84s/it][A

 12%|█▏        | 30/250 [00:53<06:45,  1.84s/it][A

 12%|█▏        | 31/250 [00:55<06:43,  1.84s/it][A

 13%|█▎        | 32/250 [00:57<06:41,  1.84s/it][A

 13%|█▎        | 33/250 [00:58<06:39,  1.84s/it][A

 14%|█▎        | 34/250 [01:00<06:38,  1.84s/it][A

 14%|█▍        | 35/250 [01:02<06:36,  1.84s/it][A

 14%|█▍        | 36/250 [01:04<06:34,  1.84s/it][A

 15%|█▍        | 37/250 [01:06<06:32,  1.84s/it][A

 15%|█▌        | 38/250 [01:08<06:30,  1.84s/it][A

 16%|█▌        | 39/250 [01:10<06:28,  1.84s/it][A

 16%|█▌        | 40/250 [01:11<06:26,  1.84s/it][A

 16%|█▋        | 41/250 [01:13<06:24,  1.84s/it][A

 17%|█▋        | 42/250 [01:15<06:23,  1.84s/it][A

 17%|█▋        | 43/250 [01:17<06:21,  1.84s/it][A

 18%|█▊        | 44/250 [01:19<06:19,  1.84s/it][A

 18%|█▊        | 45/250 [01:21<06:17,  1.84s/it][A

 18%|█▊        | 46/250 [01:22<06:15,  1.84s/it][A

 19%|█▉        | 47/250 [01:24<06:13,  1.84s/it][A

 19%|█▉        | 48/250 [01:26<06:12,  1.84s/it][A

 20%|█▉        | 49/250 [01:28<06:10,  1.84s/it][A

 20%|██        | 50/250 [01:30<06:08,  1.84s/it][A

 20%|██        | 51/250 [01:32<06:06,  1.84s/it][A

 21%|██        | 52/250 [01:33<06:04,  1.84s/it][A

 21%|██        | 53/250 [01:35<06:02,  1.84s/it][A

 22%|██▏       | 54/250 [01:37<06:01,  1.84s/it][A

 22%|██▏       | 55/250 [01:39<05:59,  1.84s/it][A

 22%|██▏       | 56/250 [01:41<05:57,  1.84s/it][A

 23%|██▎       | 57/250 [01:43<05:55,  1.84s/it][A

 23%|██▎       | 58/250 [01:45<05:53,  1.84s/it][A

 24%|██▎       | 59/250 [01:46<05:51,  1.84s/it][A

 24%|██▍       | 60/250 [01:48<05:50,  1.84s/it][A

 24%|██▍       | 61/250 [01:50<05:48,  1.84s/it][A

 25%|██▍       | 62/250 [01:52<05:46,  1.84s/it][A

 25%|██▌       | 63/250 [01:54<05:44,  1.84s/it][A

 26%|██▌       | 64/250 [01:56<05:42,  1.84s/it][A

 26%|██▌       | 65/250 [01:57<05:40,  1.84s/it][A

 26%|██▋       | 66/250 [01:59<05:38,  1.84s/it][A

 27%|██▋       | 67/250 [02:01<05:36,  1.84s/it][A

 27%|██▋       | 68/250 [02:03<05:35,  1.84s/it][A

 28%|██▊       | 69/250 [02:05<05:33,  1.84s/it][A

 28%|██▊       | 70/250 [02:07<05:31,  1.84s/it][A

 28%|██▊       | 71/250 [02:08<05:29,  1.84s/it][A

 29%|██▉       | 72/250 [02:10<05:28,  1.84s/it][A

 29%|██▉       | 73/250 [02:12<05:26,  1.84s/it][A

 30%|██▉       | 74/250 [02:14<05:24,  1.84s/it][A

 30%|███       | 75/250 [02:16<05:22,  1.84s/it][A

 30%|███       | 76/250 [02:18<05:20,  1.84s/it][A

 31%|███       | 77/250 [02:20<05:18,  1.84s/it][A

 31%|███       | 78/250 [02:21<05:16,  1.84s/it][A

 32%|███▏      | 79/250 [02:23<05:14,  1.84s/it][A

 32%|███▏      | 80/250 [02:25<05:13,  1.84s/it][A

 32%|███▏      | 81/250 [02:27<05:11,  1.84s/it][A

 33%|███▎      | 82/250 [02:29<05:09,  1.84s/it][A

 33%|███▎      | 83/250 [02:31<05:07,  1.84s/it][A

 34%|███▎      | 84/250 [02:32<05:05,  1.84s/it][A

 34%|███▍      | 85/250 [02:34<05:04,  1.84s/it][A

 34%|███▍      | 86/250 [02:36<05:02,  1.84s/it][A

 35%|███▍      | 87/250 [02:38<05:00,  1.84s/it][A

 35%|███▌      | 88/250 [02:40<04:58,  1.85s/it][A

 36%|███▌      | 89/250 [02:42<04:56,  1.84s/it][A

 36%|███▌      | 90/250 [02:43<04:54,  1.84s/it][A

 36%|███▋      | 91/250 [02:45<04:52,  1.84s/it][A

 37%|███▋      | 92/250 [02:47<04:50,  1.84s/it][A

 37%|███▋      | 93/250 [02:49<04:49,  1.84s/it][A

 38%|███▊      | 94/250 [02:51<04:47,  1.84s/it][A

 38%|███▊      | 95/250 [02:53<04:45,  1.84s/it][A

 38%|███▊      | 96/250 [02:55<04:43,  1.84s/it][A

 39%|███▉      | 97/250 [02:56<04:41,  1.84s/it][A

 39%|███▉      | 98/250 [02:58<04:39,  1.84s/it][A

 40%|███▉      | 99/250 [03:00<04:38,  1.84s/it][A

 40%|████      | 100/250 [03:02<04:36,  1.84s/it][A

 40%|████      | 101/250 [03:04<04:34,  1.84s/it][A

 41%|████      | 102/250 [03:06<04:32,  1.84s/it][A

 41%|████      | 103/250 [03:07<04:30,  1.84s/it][A

 42%|████▏     | 104/250 [03:09<04:29,  1.84s/it][A

 42%|████▏     | 105/250 [03:11<04:27,  1.84s/it][A

 42%|████▏     | 106/250 [03:13<04:25,  1.84s/it][A

 43%|████▎     | 107/250 [03:15<04:23,  1.84s/it][A

 43%|████▎     | 108/250 [03:17<04:21,  1.84s/it][A

 44%|████▎     | 109/250 [03:18<04:19,  1.84s/it][A

 44%|████▍     | 110/250 [03:20<04:17,  1.84s/it][A

 44%|████▍     | 111/250 [03:22<04:16,  1.84s/it][A

 45%|████▍     | 112/250 [03:24<04:14,  1.84s/it][A

 45%|████▌     | 113/250 [03:26<04:12,  1.84s/it][A

 46%|████▌     | 114/250 [03:28<04:10,  1.84s/it][A

 46%|████▌     | 115/250 [03:30<04:08,  1.84s/it][A

 46%|████▋     | 116/250 [03:31<04:07,  1.84s/it][A

 47%|████▋     | 117/250 [03:33<04:05,  1.84s/it][A

 47%|████▋     | 118/250 [03:35<04:03,  1.84s/it][A

 48%|████▊     | 119/250 [03:37<04:01,  1.84s/it][A

 48%|████▊     | 120/250 [03:39<03:59,  1.84s/it][A

 48%|████▊     | 121/250 [03:41<03:57,  1.84s/it][A

 49%|████▉     | 122/250 [03:42<03:55,  1.84s/it][A

 49%|████▉     | 123/250 [03:44<03:54,  1.84s/it][A

 50%|████▉     | 124/250 [03:46<03:52,  1.84s/it][A

 50%|█████     | 125/250 [03:48<03:50,  1.84s/it][A

 50%|█████     | 126/250 [03:50<03:48,  1.84s/it][A

 51%|█████     | 127/250 [03:52<03:46,  1.84s/it][A

 51%|█████     | 128/250 [03:53<03:44,  1.84s/it][A

 52%|█████▏    | 129/250 [03:55<03:42,  1.84s/it][A

 52%|█████▏    | 130/250 [03:57<03:40,  1.84s/it][A

 52%|█████▏    | 131/250 [03:59<03:39,  1.84s/it][A

 53%|█████▎    | 132/250 [04:01<03:37,  1.84s/it][A

 53%|█████▎    | 133/250 [04:03<03:35,  1.84s/it][A

 54%|█████▎    | 134/250 [04:05<03:33,  1.84s/it][A

 54%|█████▍    | 135/250 [04:06<03:31,  1.84s/it][A

 54%|█████▍    | 136/250 [04:08<03:29,  1.84s/it][A

 55%|█████▍    | 137/250 [04:10<03:28,  1.84s/it][A

 55%|█████▌    | 138/250 [04:12<03:26,  1.84s/it][A

 56%|█████▌    | 139/250 [04:14<03:24,  1.84s/it][A

 56%|█████▌    | 140/250 [04:16<03:22,  1.84s/it][A

 56%|█████▋    | 141/250 [04:17<03:20,  1.84s/it][A

 57%|█████▋    | 142/250 [04:19<03:18,  1.84s/it][A

 57%|█████▋    | 143/250 [04:21<03:16,  1.84s/it][A

 58%|█████▊    | 144/250 [04:23<03:15,  1.84s/it][A

 58%|█████▊    | 145/250 [04:25<03:13,  1.84s/it][A

 58%|█████▊    | 146/250 [04:27<03:11,  1.84s/it][A

 59%|█████▉    | 147/250 [04:28<03:10,  1.84s/it][A

 59%|█████▉    | 148/250 [04:30<03:08,  1.84s/it][A

 60%|█████▉    | 149/250 [04:32<03:06,  1.84s/it][A

 60%|██████    | 150/250 [04:34<03:04,  1.84s/it][A

 60%|██████    | 151/250 [04:36<03:02,  1.84s/it][A

 61%|██████    | 152/250 [04:38<03:00,  1.84s/it][A

 61%|██████    | 153/250 [04:40<02:58,  1.84s/it][A

 62%|██████▏   | 154/250 [04:41<02:56,  1.84s/it][A

 62%|██████▏   | 155/250 [04:43<02:54,  1.84s/it][A

 62%|██████▏   | 156/250 [04:45<02:53,  1.84s/it][A

 63%|██████▎   | 157/250 [04:47<02:51,  1.84s/it][A

 63%|██████▎   | 158/250 [04:49<02:49,  1.84s/it][A

 64%|██████▎   | 159/250 [04:51<02:47,  1.85s/it][A

 64%|██████▍   | 160/250 [04:52<02:45,  1.84s/it][A

 64%|██████▍   | 161/250 [04:54<02:43,  1.84s/it][A

 65%|██████▍   | 162/250 [04:56<02:42,  1.85s/it][A

 65%|██████▌   | 163/250 [04:58<02:40,  1.85s/it][A

 66%|██████▌   | 164/250 [05:00<02:38,  1.84s/it][A

 66%|██████▌   | 165/250 [05:02<02:36,  1.84s/it][A

 66%|██████▋   | 166/250 [05:03<02:34,  1.84s/it][A

 67%|██████▋   | 167/250 [05:05<02:32,  1.84s/it][A

 67%|██████▋   | 168/250 [05:07<02:31,  1.85s/it][A

 68%|██████▊   | 169/250 [05:09<02:29,  1.85s/it][A

 68%|██████▊   | 170/250 [05:11<02:27,  1.85s/it][A

 68%|██████▊   | 171/250 [05:13<02:25,  1.84s/it][A

 69%|██████▉   | 172/250 [05:15<02:23,  1.84s/it][A

 69%|██████▉   | 173/250 [05:16<02:21,  1.84s/it][A

 70%|██████▉   | 174/250 [05:18<02:19,  1.84s/it][A

 70%|███████   | 175/250 [05:20<02:18,  1.84s/it][A

 70%|███████   | 176/250 [05:22<02:16,  1.84s/it][A

 71%|███████   | 177/250 [05:24<02:14,  1.84s/it][A

 71%|███████   | 178/250 [05:26<02:12,  1.84s/it][A

 72%|███████▏  | 179/250 [05:27<02:10,  1.84s/it][A

 72%|███████▏  | 180/250 [05:29<02:08,  1.84s/it][A

 72%|███████▏  | 181/250 [05:31<02:07,  1.84s/it][A

 73%|███████▎  | 182/250 [05:33<02:05,  1.84s/it][A

 73%|███████▎  | 183/250 [05:35<02:03,  1.84s/it][A

 74%|███████▎  | 184/250 [05:37<02:01,  1.84s/it][A

 74%|███████▍  | 185/250 [05:39<01:59,  1.84s/it][A

 74%|███████▍  | 186/250 [05:40<01:58,  1.84s/it][A

 75%|███████▍  | 187/250 [05:42<01:56,  1.84s/it][A

 75%|███████▌  | 188/250 [05:44<01:54,  1.84s/it][A

 76%|███████▌  | 189/250 [05:46<01:52,  1.84s/it][A

 76%|███████▌  | 190/250 [05:48<01:50,  1.84s/it][A

 76%|███████▋  | 191/250 [05:50<01:48,  1.84s/it][A

 77%|███████▋  | 192/250 [05:51<01:46,  1.84s/it][A

 77%|███████▋  | 193/250 [05:53<01:45,  1.84s/it][A

 78%|███████▊  | 194/250 [05:55<01:43,  1.84s/it][A

 78%|███████▊  | 195/250 [05:57<01:41,  1.84s/it][A

 78%|███████▊  | 196/250 [05:59<01:39,  1.84s/it][A

 79%|███████▉  | 197/250 [06:01<01:37,  1.84s/it][A

 79%|███████▉  | 198/250 [06:02<01:36,  1.85s/it][A

 80%|███████▉  | 199/250 [06:04<01:34,  1.85s/it][A

 80%|████████  | 200/250 [06:06<01:32,  1.84s/it][A

 80%|████████  | 201/250 [06:08<01:30,  1.84s/it][A

 81%|████████  | 202/250 [06:10<01:28,  1.84s/it][A

 81%|████████  | 203/250 [06:12<01:26,  1.84s/it][A

 82%|████████▏ | 204/250 [06:14<01:24,  1.84s/it][A

 82%|████████▏ | 205/250 [06:15<01:22,  1.84s/it][A

 82%|████████▏ | 206/250 [06:17<01:20,  1.84s/it][A

 83%|████████▎ | 207/250 [06:19<01:19,  1.84s/it][A

 83%|████████▎ | 208/250 [06:21<01:17,  1.84s/it][A

 84%|████████▎ | 209/250 [06:23<01:15,  1.84s/it][A

 84%|████████▍ | 210/250 [06:25<01:13,  1.84s/it][A

 84%|████████▍ | 211/250 [06:26<01:11,  1.84s/it][A

 85%|████████▍ | 212/250 [06:28<01:09,  1.84s/it][A

 85%|████████▌ | 213/250 [06:30<01:08,  1.84s/it][A

 86%|████████▌ | 214/250 [06:32<01:06,  1.84s/it][A

 86%|████████▌ | 215/250 [06:34<01:04,  1.84s/it][A

 86%|████████▋ | 216/250 [06:36<01:02,  1.84s/it][A

 87%|████████▋ | 217/250 [06:37<01:00,  1.84s/it][A

 87%|████████▋ | 218/250 [06:39<00:58,  1.84s/it][A

 88%|████████▊ | 219/250 [06:41<00:57,  1.85s/it][A

 88%|████████▊ | 220/250 [06:43<00:55,  1.84s/it][A

 88%|████████▊ | 221/250 [06:45<00:53,  1.84s/it][A

 89%|████████▉ | 222/250 [06:47<00:51,  1.84s/it][A

 89%|████████▉ | 223/250 [06:49<00:49,  1.84s/it][A

 90%|████████▉ | 224/250 [06:50<00:47,  1.84s/it][A

 90%|█████████ | 225/250 [06:52<00:46,  1.84s/it][A

 90%|█████████ | 226/250 [06:54<00:44,  1.84s/it][A

 91%|█████████ | 227/250 [06:56<00:42,  1.84s/it][A

 91%|█████████ | 228/250 [06:58<00:40,  1.84s/it][A

 92%|█████████▏| 229/250 [07:00<00:38,  1.84s/it][A

 92%|█████████▏| 230/250 [07:01<00:36,  1.84s/it][A

 92%|█████████▏| 231/250 [07:03<00:34,  1.84s/it][A

 93%|█████████▎| 232/250 [07:05<00:33,  1.85s/it][A

 93%|█████████▎| 233/250 [07:07<00:31,  1.84s/it][A

 94%|█████████▎| 234/250 [07:09<00:29,  1.84s/it][A

 94%|█████████▍| 235/250 [07:11<00:27,  1.84s/it][A

 94%|█████████▍| 236/250 [07:12<00:25,  1.84s/it][A

 95%|█████████▍| 237/250 [07:14<00:23,  1.84s/it][A

 95%|█████████▌| 238/250 [07:16<00:22,  1.85s/it][A

 96%|█████████▌| 239/250 [07:18<00:20,  1.84s/it][A

 96%|█████████▌| 240/250 [07:20<00:18,  1.85s/it][A

 96%|█████████▋| 241/250 [07:22<00:16,  1.85s/it][A

 97%|█████████▋| 242/250 [07:24<00:14,  1.84s/it][A

 97%|█████████▋| 243/250 [07:25<00:12,  1.84s/it][A

 98%|█████████▊| 244/250 [07:27<00:11,  1.84s/it][A

 98%|█████████▊| 245/250 [07:29<00:09,  1.84s/it][A

 98%|█████████▊| 246/250 [07:31<00:07,  1.84s/it][A

 99%|█████████▉| 247/250 [07:33<00:05,  1.84s/it][A

 99%|█████████▉| 248/250 [07:35<00:03,  1.84s/it][A

100%|█████████▉| 249/250 [07:36<00:01,  1.84s/it][A

100%|██████████| 250/250 [07:38<00:00,  1.84s/it][A
                                                    

                                                 
[A
100%|██████████| 939/939 [14:05:08<00:00, 44.14s/it]

100%|██████████| 250/250 [07:38<00:00,  1.84s/it][A

                                                 [A
                                                    

100%|██████████| 939/939 [14:05:09<00:00, 44.14s/it]
100%|██████████| 939/939 [14:05:09<00:00, 54.00s/it]
{'eval_loss': '0.8197', 'eval_runtime': '460.6', 'eval_samples_per_second': '2.171', 'eval_steps_per_second': '0.543', 'eval_entropy': '0.8605', 'eval_num_tokens': '7.68e+06', 'eval_mean_token_accuracy': '0.852', 'epoch': '3'}
{'train_runtime': '5.071e+04', 'train_samples_per_second': '0.592', 'train_steps_per_second': '0.019', 'train_loss': '1.254', 'epoch': '3'}

Merging LoRA weights and saving to trump_llama_model/...

Writing model shards:   0%|          | 0/1 [00:00<?, ?it/s]
Writing model shards: 100%|██████████| 1/1 [01:35<00:00, 95.01s/it]
Writing model shards: 100%|██████████| 1/1 [01:35<00:00, 95.01s/it]
Done! Model saved to trump_llama_model/
Next step: python generate_llama.py
